Workbook

Sheet SFBL-PB
A1: 23/10/2025 Opening Date
D2: Opening Date:23/10/25 | F2: Opening Date:30/10/25 | H2: Opening Date:20/11/25 | J2: Opening Date:25/12/25 | L2: Opening Date:01/01/26 | N2: Opening Date:15/01/26 | P2: Opening Date:29/01/26 | R2: Opening Date:05/02/26 | T2: Opening Date:12/02/26 | V2: Opening Date:26/02/26
A3: Si | B3: Project Name | C3: Matarials Name | D3: Opening kg | E3: Opening nos | F3: Opening kg | G3: Opening nos | H3: Opening kg | I3: Opening nos | J3: Opening kg | K3: Opening nos | L3: Opening kg | M3: Opening nos | N3: Opening kg | O3: Opening nos | P3: Opening kg | Q3: Opening nos | R3: Opening kg | S3: Opening nos | T3: Opening kg | U3: Opening nos | V3: Opening kg | W3: Opening nos | X3: Transfer In | Y3: Transfer out | Z3: Blance | AA3: Nos | AB3: Whight Kg
A4: 1 | B4: SFBL-PB-01 | C4: Steel shutter - various size | D4: 4309.35 | F4: 4309.35 | H4: 4309.35 | J4: 4065.35 | K4: 0 | L4: 4065.35 | M4: 0 | N4: 3665.35 | O4: 0 | P4: 3665.35 | Q4: 0 | R4: 3665.35 | S4: 0 | T4: 3665.35 | U4: 0 | V4: 3665.35 | W4: 0 | Z4: =(H4+X4)-Y4 -> 4309.35
A5: 2 | B5: SFBL-PB-01 | C5: Steel props | D5: 1928.5 | E5: 101.5 | F5: 1928.5 | G5: 101.5 | H5: 1928.5 | I5: 101.5 | J5: 1805 | K5: 95 | L5: 1805 | M5: 95 | N5: 1672 | O5: 88 | P5: 1672 | Q5: 88 | R5: 1672 | S5: 88 | T5: 1672 | U5: 88 | V5: 1672 | W5: 88 | Z5: =(H5+X5)-Y5 -> 1928.5 | AA5: =Z5/19 -> 101.5 | AB5: =Z5/AA5 -> 19
A6: 3 | B6: SFBL-PB-01 | C6: Scaffolding long | D6: -74 | E6: -2 | F6: -74 | G6: -2 | H6: -74 | I6: -2 | J6: -1295 | K6: -35 | L6: -1295 | M6: -35 | N6: -1295 | O6: -35 | P6: -1295 | Q6: -35 | R6: -1295 | S6: -35 | T6: -1295 | U6: -35 | V6: -1295 | W6: -35 | Z6: =(H6+X6)-Y6 -> -74 | AA6: =Z6/37 -> -2 | AB6: =Z6/AA6 -> 37
A7: 4 | B7: SFBL-PB-01 | C7: Scaffoding short | D7: 1946.5 | E7: 114.5 | F7: 1946.5 | G7: 114.5 | H7: 1946.5 | I7: 114.5 | J7: 1912.5 | K7: 112.5 | L7: 1912.5 | M7: 112.5 | N7: 1912.5 | O7: 112.5 | P7: 1912.5 | Q7: 112.5 | R7: 1912.5 | S7: 112.5 | T7: 1912.5 | U7: 112.5 | V7: 1912.5 | W7: 112.5 | Z7: =(H7+X7)-Y7 -> 1946.5 | AA7: =Z7/17 -> 114.5 | AB7: =Z7/AA7 -> 17
A8: 5 | B8: SFBL-PB-01 | C8: Cross bar | D8: =-11610 -> -11610 | E8: -2322 | F8: =-11610 -> -11610 | G8: -2322 | H8: =-11610 -> -11610 | I8: -2322 | J8: -11760 | K8: -2352 | L8: -11760 | M8: -2352 | N8: -11760 | O8: -2352 | P8: -11760 | Q8: -2352 | R8: -11760 | S8: -2352 | T8: -11760 | U8: -2352 | V8: -11760 | W8: -2352 | Z8: =(H8+X8)-Y8 -> -11610 | AA8: =Z8/5 -> -2322 | AB8: =Z8/AA8 -> 5
A9: 6 | B9: SFBL-PB-01 | C9: Joint pin | D9: =-190.8 -> -190.8 | E9: -318 | F9: =-190.8 -> -190.8 | G9: -318 | H9: =-190.8 -> -190.8 | I9: -318 | J9: -201 | K9: -335 | L9: -201 | M9: -335 | N9: -201 | O9: -333 | P9: -201 | Q9: -333 | R9: -201 | S9: -333 | T9: -201 | U9: -333 | V9: -201 | W9: -333 | Z9: =(H9+X9)-Y9 -> -190.8 | AA9: =Z9/0.6 -> -318 | AB9: =Z9/AA9 -> 0.6
A10: 7 | B10: SFBL-PB-01 | C10: Adjustable Base Jack | D10: 2075 | E10: 415 | F10: 2075 | G10: 415 | H10: 2075 | I10: 415 | J10: 1900 | K10: 380 | L10: 1900 | M10: 380 | N10: 1900 | O10: 380 | P10: 1900 | Q10: 380 | R10: 1900 | S10: 380 | T10: 1900 | U10: 380 | V10: 1900 | W10: 380 | Z10: =(H10+X10)-Y10 -> 2075 | AA10: =Z10/5 -> 415 | AB10: =Z10/AA10 -> 5
A11: 8 | B11: SFBL-PB-01 | C11: U head | D11: =-745 -> -745 | E11: -149 | F11: =-745 -> -745 | G11: -149 | H11: =-745 -> -745 | I11: -149 | J11: -745 | K11: -149 | L11: -745 | M11: -149 | N11: -745 | O11: -149 | P11: -745 | Q11: -149 | R11: -745 | S11: -149 | T11: -745 | U11: -149 | V11: -745 | W11: -149 | Z11: =(H11+X11)-Y11 -> -745 | AA11: =Z11/5 -> -149 | AB11: =Z11/AA11 -> 5
A12: 9 | B12: SFBL-PB-01 | C12: Base plate | D12: 82.4 | E12: 103 | F12: 82.4 | G12: 103 | H12: 82.4 | I12: 103 | J12: 82.4 | K12: 103 | L12: 82.4 | M12: 103 | N12: 82.4 | O12: 103 | P12: 82.4 | Q12: 103 | R12: 82.4 | S12: 103 | T12: 82.4 | U12: 103 | V12: 82.4 | W12: 103 | Z12: =(H12+X12)-Y12 -> 82.4 | AA12: =Z12/0.8 -> 103 | AB12: =Z12/AA12 -> 0.8
A13: 10 | B13: SFBL-PB-01 | C13: MS angle 1.5"*1.5" | D13: 105 | F13: 105 | H13: 105 | J13: 105 | K13: 0 | L13: 105 | M13: 0 | N13: 55 | O13: 0 | P13: 55 | Q13: 0 | R13: 55 | S13: 0 | T13: 55 | U13: 0 | V13: 55 | W13: 0 | Z13: =(H13+X13)-Y13 -> 105 | AA13: 0 | AB13: 0
A14: 11 | B14: SFBL-PB-01 | C14: MS angle 2"*2" | D14: 430 | F14: 430 | H14: 430 | I14: 0 | J14: 430 | K14: 0 | L14: 430 | M14: 0 | N14: 430 | O14: 0 | P14: 430 | Q14: 0 | R14: 430 | S14: 0 | T14: 430 | U14: 0 | V14: 430 | W14: 0 | Z14: =(H14+X14)-Y14 -> 430 | AA14: 0 | AB14: 0
A15: 12 | B15: SFBL-PB-01 | C15: I-joist | D15: 0 | E15: 0 | F15: 0 | G15: 0 | H15: 0 | I15: 0 | J15: 0 | K15: 0 | L15: 0 | M15: 0 | O15: 0 | Q15: 0 | S15: 0 | U15: 0 | W15: 0 | Z15: =(H15+X15)-Y15 -> 0 | AA15: 0 | AB15: 0
A16: 13 | B16: SFBL-PB-01 | C16: Ms.sheet | D16: 8559.5 | E16: 503.3 | F16: 8559.5 | G16: 503.3 | H16: 8559.5 | I16: 503.3 | J16: 7930.5 | K16: 466.5 | L16: 7930.5 | M16: 466.5 | N16: 7743.5 | O16: 455.5 | P16: 7743.5 | Q16: 455.5 | R16: 7743.5 | S16: 455.5 | T16: 7743.5 | U16: 455.5 | V16: 7743.5 | W16: 455.5 | Z16: =(H16+X16)-Y16 -> 8559.5 | AA16: =Z16/17 -> 503.5 | AB16: =Z16/AA16 -> 17
A17: 14 | B17: SFBL-PB-01 | C17: Shutter Grill | D17: 0 | F17: 0 | H17: 0 | I17: 0 | J17: 0 | K17: 0 | L17: 0 | M17: 0 | O17: 0 | Q17: 0 | S17: 0 | U17: 0 | W17: 0 | Z17: =(H17+X17)-Y17 -> 0 | AA17: =Z17/19 -> 0 | AB17: 0
A18: 15 | B18: SFBL-PB-01 | C18: Hollow box 1.5" x 1.5" | D18: 4135.3 | F18: 4135.3 | H18: 4135.3 | I18: 0 | J18: 3035.3 | K18: 0 | L18: 3035.3 | M18: 0 | N18: 1535.3 | O18: 0 | P18: 1535.3 | Q18: 0 | R18: 1535.3 | S18: 0 | T18: 1535.3 | U18: 0 | V18: 1535.3 | W18: 0 | Z18: =(H18+X18)-Y18 -> 4135.3 | AA18: 0 | AB18: 0
A19: 16 | B19: SFBL-PB-01 | C19: Hollow box 3" x 3" | D19: 3798 | F19: 3798 | H19: 3798 | I19: 0 | J19: 3798 | K19: 0 | L19: 3798 | M19: 0 | N19: 2848 | O19: 0 | P19: 2848 | Q19: 0 | R19: 2848 | S19: 0 | T19: 2848 | U19: 0 | V19: 2848 | W19: 0 | Z19: =(H19+X19)-Y19 -> 3798 | AA19: 0 | AB19: 0
A20: 17 | B20: SFBL-PB-01 | C20: MS pipe 1.5" | D20: 1450 | F20: 1450 | H20: 1450 | I20: 0 | J20: 1450 | K20: 0 | L20: 1450 | M20: 0 | N20: 1450 | O20: 0 | P20: 1450 | Q20: 0 | R20: 1450 | S20: 0 | T20: 1450 | U20: 0 | V20: 1450 | W20: 0 | Z20: =(H20+X20)-Y20 -> 1450 | AA20: 0 | AB20: 0
A21: 18 | B21: SFBL-PB-01 | C21: MS pipe 1.75” | D21: -4381.2 | F21: -4381.2 | H21: -4381.2 | I21: 0 | J21: -4481.2 | K21: 0 | L21: -4481.2 | M21: 0 | N21: -4481.2 | O21: 0 | P21: -4481.2 | Q21: 0 | R21: -4481.2 | S21: 0 | T21: -4481.2 | U21: 0 | V21: -4481.2 | W21: 0 | Z21: =(H21+X21)-Y21 -> -4381.2 | AA21: 0 | AB21: 0
A22: 19 | B22: SFBL-PB-01 | C22: MS pipe 2" | D22: 1817.35 | F22: 1817.35 | H22: 1817.35 | I22: 0 | J22: 1817.35 | K22: 0 | L22: 1817.35 | M22: 0 | N22: 1817.35 | O22: 0 | P22: 1817.35 | Q22: 0 | R22: 1817.35 | S22: 0 | T22: 1817.35 | U22: 0 | V22: 1817.35 | W22: 0 | Z22: =(H22+X22)-Y22 -> 1817.35 | AA22: 0 | AB22: 0
A23: 20 | B23: SFBL-PB-01 | C23: MS pipe 2.5" | D23: 221 | F23: 221 | H23: 221 | I23: 0 | J23: 221 | K23: 0 | L23: 221 | M23: 0 | N23: 221 | O23: 0 | P23: 221 | Q23: 0 | R23: 221 | S23: 0 | T23: 221 | U23: 0 | V23: 221 | W23: 0 | Z23: =(H23+X23)-Y23 -> 221 | AA23: 0 | AB23: 0
A24: 21 | B24: SFBL-PB-01 | C24: Thread Rod | D24: 1680 | F24: 1680 | H24: 1680 | I24: 0 | J24: 1680 | K24: 0 | L24: 1680 | M24: 0 | N24: 1680 | O24: 0 | P24: 1680 | Q24: 0 | R24: 1680 | S24: 0 | T24: 1680 | U24: 0 | V24: 1680 | W24: 0 | Z24: =(H24+X24)-Y24 -> 1680 | AA24: 0 | AB24: 0
A25: 22 | B25: SFBL-PB-01 | C25: Nut, Bolt & Washer | D25: 2560 | F25: 2260 | H25: 2260 | I25: 0 | J25: 2260 | K25: 0 | L25: 2260 | M25: 0 | N25: 2260 | O25: 0 | P25: 2260 | Q25: 0 | R25: 2260 | S25: 0 | T25: 2260 | U25: 0 | V25: 2260 | W25: 0 | Z25: =(H25+X25)-Y25 -> 2260 | AA25: 0 | AB25: 0
A26: 23 | B26: SFBL-PB-01 | C26: T bolt (Nos) | I26: 0 | K26: 0 | M26: 0 | N26: 0 | O26: 0 | P26: 0 | Z26: =(H26+X26)-Y26 -> 0 | AA26: =Z26/19 -> 0 | AB26: 0
A27: 24 | B27: SFBL-PB-01 | C27: Trun bolt (Nos) | D27: 147 | E27: 105 | F27: =G27*1.4 -> 21 | G27: 15 | H27: =I27*1.4 -> 21 | I27: 15 | K27: 0 | M27: 0 | N27: 0 | O27: 0 | P27: 0 | Z27: =(H27+X27)-Y27 -> 21 | AA27: =Z27/19 -> 1.1052632 | AB27: 0
A28: 25 | B28: SFBL-PB-01 | C28: C- clamp (Nos) | D28: 226 | E28: 565 | F28: 226 | G28: 565 | H28: 226 | I28: 565 | J28: =K28*0.4 -> 226 | K28: 565 | L28: =M28*0.4 -> 226 | M28: 565 | N28: =O28*0.4 -> 226 | O28: 565 | P28: 226 | Q28: 565 | R28: 226 | S28: 565 | T28: 226 | U28: 565 | V28: 226 | W28: 565 | Z28: =(H28+X28)-Y28 -> 226 | AA28: =Z28/19 -> 11.894737 | AB28: 0
A29: 26 | B29: SFBL-PB-01 | C29: Pikon (Nos) | E29: 5730 | G29: 5730 | I29: 5730 | K29: 5730 | M29: 5730 | N29: 0 | O29: 5730 | Q29: 5730 | S29: 5730 | U29: 5730 | W29: 5730 | Z29: =(H29+X29)-Y29 -> 0 | AA29: =Z29/19 -> 0 | AB29: 0
A30: 27 | B30: SFBL-PB-01 | C30: Swivel clamp (Nos) | K30: -88 | M30: -88 | N30: =O30*0.6 -> -64.8 | O30: -108 | Q30: -108 | S30: -108 | U30: -108 | W30: -108 | Z30: =(H30+X30)-Y30 -> 0 | AA30: =Z30/19 -> 0 | AB30: 0
A31: 31 | B31: SFBL-PB-01 | C31: Tin (Nos) | E31: 736 | G31: 736 | I31: 736 | K31: 736 | M31: 736 | N31: 0 | O31: 596 | Q31: 46 | S31: 46 | U31: 46 | W31: 46 | Z31: =(H31+X31)-Y31 -> 0 | AA31: =Z31/19 -> 0 | AB31: 0
C32: Totall | D32: =D4+D5+D7+D10+D12+D13+D14+D16+D18+D19+D20+D22+D23+D24+D25+D27+D28 -> 35470.9 | F32: =F4+F5+F7+F10+F12+F13+F14+F16+F18+F19+F20+F22+F23+F24+F25+F27+F28 -> 35044.9 | H32: =H4+H5+H7+H10+H12+H13+H14+H16+H18+H19+H20+H22+H23+H24+H25+H27+H28 -> 35044.9 | J32: =J4+J5+J7+J10+J12+J13+J14+J16+J14+J18+J19+J20+J22+J23+J24+J25+J28 -> 33148.4 | L32: =L4+L5+L7+L10+L12+L13+L14+L16+L14+L18+L19+L20+L22+L23+L24+L25+L28 -> 33148.4 | N32: =N4+N5+N7+N10+N12+N13+N14+N16+N18+N19+N20+N22+N23+N24+N25+N28 -> 29498.4 | O32: =SUM(O4:O31) -> 5053 | P32: =P4+P5+P7+P10+P12+P13+P14+P16+P18+P19+P20+P22+P23+P24+P25+P28 -> 29498.4 | R32: =R4+R5+R7+R10+R12+R13+R14+R16+R18+R19+R20+R22+R23+R24+R25+R28 -> 29498.4 | T32: =T4+T5+T7+T10+T12+T13+T14+T16+T18+T19+T20+T22+T23+T24+T25+T28 -> 29498.4 | V32: =V4+V5+V7+V10+V12+V13+V14+V16+V18+V19+V20+V22+V23+V24+V25+V28 -> 29498.4 | Z32: =(H32+X32)-Y32 -> 35044.9
N33: =N6+N8+N11+N21 -> -18281.2 | P33: =P6+P8+P9+P11+P21 -> -18482.2 | R33: =R6+R8+R9+R11+R21 -> -18482.2 | T33: =T6+T8+T9+T11+T21 -> -18482.2 | V33: =V6+V8+V9+V11+V21 -> -18482.2
N34: =SUM(N32:N33) -> 11217.2 | P34: =SUM(P32:P33) -> 11016.2 | R34: =SUM(R32:R33) -> 11016.2 | T34: =SUM(T32:T33) -> 11016.2 | V34: =SUM(V32:V33) -> 11016.2

Sheet SFBL-AD
A2: 20/11/2025 Opening Date
D3: Opening Date:23/10/25 | F3: Opening Date:Old AB+GB | H3: Opening Date:20/11/25 | J3: Opening Date:25/12/25 | L3: Opening Date:01/01/26 | N3: Opening Date:15/01/26 | P3: Opening Date:29/01/26 | R3: Opening Date:05/02/26 | T3: Opening Date:12/02/26 | V3: Opening Date:26/02/26
A4: Si | B4: Project Name | C4: Matarials Name | D4: Opening QTY | E4: Opening nos | F4: Opening QTY | G4: Opening nos | H4: Opening QTY | I4: Opening nos | J4: Opening QTY | K4: Opening nos | L4: Opening QTY | M4: Opening nos | N4: Opening QTY | O4: Opening nos | P4: Opening QTY | Q4: Opening nos | R4: Opening QTY | S4: Opening nos | T4: Opening QTY | U4: Opening nos | V4: Opening QTY | W4: Opening nos | X4: Transfer In | Y4: Transfer Out | Z4: Blance | AA4: Nos | AB4: Whight Kg
A5: 1 | B5: SFBL-Admin Building | C5: Steel shutter - various size | D5: 27213 | F5: 24780 | G5: 0 | H5: 25961 | J5: 56758 | K5: 0 | L5: 56758 | M5: 0 | N5: 56758 | O5: 0 | P5: 59297 | Q5: 0 | R5: 59297 | S5: 0 | T5: 59297 | U5: 0 | V5: 52292 | W5: 0 | X5: 0 | Y5: =T5-V5 -> 7005
A6: 2 | B6: SFBL-Admin Building | C6: Steel props | D6: 0 | F6: 3762 | G6: 198 | H6: 23199 | I6: 1221 | J6: 16188 | K6: 852 | L6: 16188 | M6: 852 | N6: 14421 | O6: 759 | P6: 13889 | Q6: 731 | R6: 13889 | S6: 731 | T6: 13889 | U6: 731 | V6: 9728 | W6: 512 | X6: 0 | Y6: =T6-V6 -> 4161 | AA6: =Z6/19 -> 0 | AB6: =Z6/AA6 -> #DIV/0!
A7: 3 | B7: SFBL-Admin Building | C7: Scaffolding long | D7: 0 | F7: 74 | G7: 0 | H7: 4625 | I7: 125 | J7: 4773 | K7: 129 | L7: 4773 | M7: 129 | N7: 4773 | O7: 129 | P7: 5642.5 | Q7: 152.5 | R7: 5642.5 | S7: 152.5 | T7: 5642.5 | U7: 152.5 | V7: 5642.5 | W7: 152.5 | X7: =T7-V7 -> 0 | Y7: =T7-V7 -> 0 | AA7: =Z7/37 -> 0 | AB7: =Z7/AA7 -> #DIV/0!
A8: 4 | B8: SFBL-Admin Building | C8: Scaffoding short | D8: 0 | F8: 0 | G8: 0 | H8: 1360 | I8: 80 | J8: 1360 | K8: 80 | L8: 1360 | M8: 80 | N8: 1360 | O8: 80 | P8: 1564 | Q8: 92 | R8: 1564 | S8: 92 | T8: 1564 | U8: 92 | V8: 1564 | W8: 92 | X8: =T8-V8 -> 0 | Y8: =T8-V8 -> 0 | AA8: =Z8/17 -> 0 | AB8: =Z8/AA8 -> #DIV/0!
A9: 5 | B9: SFBL-Admin Building | C9: Cross bar | D9: 0 | F9: 0 | G9: 0 | H9: 3010 | I9: 602 | J9: 4870 | K9: 974 | L9: 4870 | M9: 974 | N9: 4870 | O9: 974 | P9: 5655 | Q9: 1131 | R9: 5655 | S9: 1131 | T9: 5655 | U9: 1131 | V9: 5655 | W9: 1131 | X9: 0 | Y9: =T9-V9 -> 0 | AA9: =Z9/5 -> 0 | AB9: =Z9/AA9 -> #DIV/0!
A10: 6 | B10: SFBL-Admin Building | C10: Joint pin | D10: 0 | F10: 0 | G10: 0 | H10: 192 | I10: 320 | J10: 552 | K10: 920 | L10: 552 | M10: 920 | N10: 552 | O10: 920 | P10: 750 | Q10: 1250 | R10: 750 | S10: 1250 | T10: 750 | U10: 1250 | V10: 748.2 | W10: 1247 | X10: 0 | Y10: =T10-V10 -> 1.8 | AA10: =Z10/0.6 -> 0 | AB10: =Z10/AA10 -> #DIV/0!
A11: 7 | B11: SFBL-Admin Building | C11: Adjustable Base Jack | D11: 665 | F11: 665 | G11: 133 | H11: 2940 | I11: 588 | J11: 3940 | K11: 788 | L11: 3940 | M11: 788 | N11: 3940 | O11: 788 | P11: 4940 | Q11: 988 | R11: 4940 | S11: 988 | T11: 4940 | U11: 988 | V11: 4210 | W11: 842 | X11: 0 | Y11: =T11-V11 -> 730 | AA11: =Z11/5 -> 0 | AB11: =Z11/AA11 -> #DIV/0!
A12: 8 | B12: SFBL-Admin Building | C12: U head | D12: 850 | F12: 2080 | G12: 416 | H12: 4355 | I12: 871 | J12: 10155 | K12: 2031 | L12: 10155 | M12: 2031 | N12: 10155 | O12: 2031 | P12: 15985 | Q12: 3197 | R12: 15985 | S12: 3197 | T12: 15985 | U12: 3197 | V12: 15635 | W12: 3127 | X12: 0 | Y12: =T12-V12 -> 350 | AA12: =Z12/5 -> 0 | AB12: =Z12/AA12 -> #DIV/0!
A13: 9 | B13: SFBL-Admin Building | C13: Base plate | D13: 0 | F13: 0 | G13: 0 | H13: 0 | I13: 0 | J13: 944 | K13: 1180 | L13: 944 | M13: 1180 | N13: 1064 | O13: 1330 | P13: 1783.2 | Q13: 2229 | R13: 1783.2 | S13: 2229 | T13: 1783.2 | U13: 2229 | V13: 1783.2 | W13: 2229 | X13: 0 | Y13: =T13-V13 -> 0 | AA13: =Z13/0.8 -> 0 | AB13: =Z13/AA13 -> #DIV/0!
A14: 10 | B14: SFBL-Admin Building | C14: MS angle 1.5"*1.5" | D14: 0 | F14: 0 | G14: 0 | H14: 0 | I14: 0 | J14: 0 | K14: 0 | L14: 0 | M14: 0 | N14: 0 | O14: 0 | P14: 80 | Q14: 0 | R14: 80 | S14: 0 | T14: 80 | U14: 0 | V14: 80 | W14: 0 | X14: 0 | Y14: =T14-V14 -> 0 | AA14: 0 | AB14: 0
A15: 11 | B15: SFBL-Admin Building | C15: MS angle 2"*2" | D15: 1949 | F15: 2267 | G15: 0 | H15: 4349 | I15: 0 | J15: 5485 | K15: 0 | L15: 5485 | M15: 0 | N15: 5485 | O15: 0 | P15: 7129 | Q15: 0 | R15: 7129 | S15: 0 | T15: 7129 | U15: 0 | V15: 7129 | W15: 0 | X15: 0 | Y15: =T15-V15 -> 0 | AA15: 0 | AB15: 0
A16: 12 | B16: SFBL-Admin Building | C16: I-joist | D16: 0 | F16: 0 | G16: 0 | H16: 0 | I16: 0 | J16: 0 | K16: 0 | L16: 0 | M16: 0 | N16: 0 | O16: 0 | P16: 0 | Q16: 0 | S16: 0 | U16: 0 | V16: 0 | W16: 0 | X16: 0 | Y16: =T16-V16 -> 0 | AA16: 0 | AB16: 0
A17: 13 | B17: SFBL-Admin Building | C17: Ms.sheet | D17: 1666 | F17: 1666 | G17: 98 | H17: 8636 | I17: 508 | J17: 14484 | K17: 852 | L17: 14484 | M17: 852 | N17: 11934 | O17: 702 | P17: 12189 | Q17: 717 | R17: 12189 | S17: 717 | T17: 12189 | U17: 717 | V17: 12189 | W17: 717 | X17: 0 | Y17: =T17-V17 -> 0 | AA17: =Z17/17 -> 0 | AB17: =Z17/AA17 -> #DIV/0!
A18: 14 | B18: SFBL-Admin Building | C18: Shutter Grill | D18: 0 | F18: 0 | G18: 0 | H18: 0 | I18: 0 | J18: 0 | K18: 0 | L18: 0 | M18: 0 | N18: 0 | O18: 0 | P18: 0 | Q18: 0 | R18: 0 | S18: 0 | T18: 0 | U18: 0 | V18: 0 | W18: 0 | X18: 0 | Y18: =T18-V18 -> 0 | AA18: =Z18/19 -> 0 | AB18: 0
A19: 15 | B19: SFBL-Admin Building | C19: Hollow box 1.5" x 1.5" | D19: 9451 | F19: 9281 | G19: 0 | H19: 21736 | I19: 0 | J19: 28423 | K19: 0 | L19: 28423 | M19: 0 | N19: 30003 | O19: 0 | P19: 32318 | Q19: 0 | R19: 32318 | S19: 0 | T19: 32318 | U19: 0 | V19: 32318 | W19: 0 | X19: 0 | Y19: =T19-V19 -> 0 | AA19: 0 | AB19: 0
A20: 16 | B20: SFBL-Admin Building | C20: Hollow box 3" x 3" | D20: 2852 | F20: 4332 | G20: 0 | H20: 10547 | I20: 0 | J20: 11490 | K20: 0 | L20: 11490 | M20: 0 | N20: 11390 | O20: 0 | P20: 12145 | Q20: 0 | R20: 12145 | S20: 0 | T20: 12145 | U20: 0 | V20: 12145 | W20: 0 | X20: 0 | Y20: =T20-V20 -> 0 | AA20: 0 | AB20: 0
A21: 17 | B21: SFBL-Admin Building | C21: MS pipe 1.5" | D21: 0 | F21: 0 | G21: 0 | H21: 0 | I21: 0 | J21: 0 | K21: 0 | L21: 0 | M21: 0 | N21: 0 | O21: 0 | P21: 0 | Q21: 0 | S21: 0 | U21: 0 | V21: 0 | W21: 0 | X21: 0 | Y21: =T21-V21 -> 0 | AA21: 0 | AB21: 0
A22: 18 | B22: SFBL-Admin Building | C22: MS pipe 1.75” | D22: 7500 | F22: 3537 | G22: 0 | H22: 4747 | I22: 0 | J22: 12682 | K22: 0 | L22: 12682 | M22: 0 | N22: 12137 | O22: 0 | P22: 19287 | Q22: 0 | R22: 19287 | S22: 0 | T22: 19287 | U22: 0 | V22: 19287 | W22: 0 | X22: 0 | Y22: =T22-V22 -> 0 | AA22: 0 | AB22: 0
A23: 19 | B23: SFBL-Admin Building | C23: MS pipe 2" | D23: 0 | F23: 0 | G23: 0 | H23: 0 | I23: 0 | J23: 0 | K23: 0 | L23: 0 | M23: 0 | N23: 0 | O23: 0 | P23: 0 | Q23: 0 | S23: 0 | T23: 0 | U23: 0 | V23: 0 | W23: 0 | X23: 0 | Y23: =T23-V23 -> 0 | AA23: 0 | AB23: 0
A24: 20 | B24: SFBL-Admin Building | C24: MS pipe 2.5" | D24: 0 | F24: 0 | G24: 0 | H24: 0 | I24: 0 | J24: 0 | K24: 0 | L24: 0 | M24: 0 | N24: 0 | O24: 0 | P24: 0 | Q24: 0 | S24: 0 | T24: 0 | U24: 0 | V24: 0 | W24: 0 | X24: 0 | Y24: =T24-V24 -> 0 | AA24: 0 | AB24: 0
A25: 21 | B25: SFBL-Admin Building | C25: Thread Rod | D25: 0 | F25: 0 | G25: 0 | H25: 0 | I25: 0 | J25: 0 | K25: 0 | L25: 0 | M25: 0 | N25: 0 | O25: 0 | P25: 0 | Q25: 0 | S25: 0 | T25: 0 | U25: 0 | V25: 0 | W25: 0 | X25: 0 | Y25: =T25-V25 -> 0 | AA25: 0 | AB25: 0
A26: 22 | B26: SFBL-Admin Building | C26: Nut, Bolt & Washer | D26: -76 | F26: 339 | G26: 0 | H26: 339 | I26: 0 | J26: 746 | K26: 0 | L26: 746 | M26: 0 | N26: 746 | O26: 0 | P26: 746 | Q26: 0 | R26: 746 | S26: 0 | T26: 746 | U26: 0 | V26: 746 | W26: 0 | X26: 0 | Y26: =T26-V26 -> 0 | AA26: 0 | AB26: 0
A27: 23 | B27: SFBL-Admin Building | C27: T bolt (Nos) | F27: 0 | G27: 0 | H27: 0 | I27: 0 | J27: 0 | K27: 0 | L27: 0 | M27: 0 | N27: 0 | O27: 0 | P27: 0 | Q27: 0 | S27: 0 | T27: 0 | U27: 0 | V27: 0 | W27: 0 | X27: 0 | Y27: =T27-V27 -> 0 | AA27: =Z27/19 -> 0 | AB27: 0
A28: 24 | B28: SFBL-Admin Building | C28: Trun bolt (Nos) | F28: =G28*1.4 -> 350 | G28: 250 | H28: 350 | I28: 250 | J28: 0 | K28: 250 | L28: =M28*1.4 -> 350 | M28: 250 | N28: 350 | O28: 250 | P28: 350 | Q28: 250 | R28: 350 | S28: 250 | T28: 350 | U28: 250 | V28: 286 | W28: 250 | X28: 0 | Y28: =T28-V28 -> 64 | AA28: =Z28/3 -> 0 | AB28: =Z28/AA28 -> #DIV/0!
A29: 25 | B29: SFBL-Admin Building | C29: C- clamp (Nos) | F29: 0 | G29: 0 | H29: 0 | I29: 0 | J29: 0 | K29: 0 | L29: 0 | M29: 0 | N29: 0 | O29: 0 | P29: 0 | Q29: 0 | S29: 0 | T29: 0 | U29: 0 | V29: 0 | W29: 0 | X29: 0 | Y29: =T29-V29 -> 0 | AA29: =Z29/19 -> 0 | AB29: 0
A30: 26 | B30: SFBL-Admin Building | C30: Pikon (Nos) | F30: 0 | G30: 0 | H30: 0 | I30: 0 | J30: 0 | K30: 0 | L30: 0 | M30: 0 | N30: 0 | O30: 0 | P30: 0 | Q30: 0 | S30: 0 | T30: 0 | U30: 0 | V30: 0 | W30: 0 | X30: 0 | Y30: =T30-V30 -> 0 | AA30: =Z30/19 -> 0 | AB30: 0
A31: 27 | B31: SFBL-Admin Building | C31: Swivel clamp (Nos) | D31: 66 | E31: 120 | F31: 66 | G31: 120 | H31: 66 | I31: 120 | J31: 176 | K31: 320 | L31: =M31*0.6 -> 192 | M31: 320 | N31: 176 | O31: 320 | P31: 286 | Q31: 520 | R31: 286 | S31: 520 | T31: 286 | U31: 520 | V31: 0 | W31: 520 | X31: 0 | Y31: =T31-V31 -> 286 | AA31: =Z31/0.6 -> 0 | AB31: =Z31/AA31 -> #DIV/0!
A32: 31 | B32: SFBL-Admin Building | C32: Tin (Nos) | E32: 27 | G32: 27 | H32: 0 | I32: 27 | J32: 0 | K32: 27 | L32: 0 | M32: 27 | N32: 0 | O32: 27 | P32: 0 | Q32: 607 | S32: 607 | T32: 0 | U32: 607 | V32: 0 | W32: 607 | X32: 0 | Y32: =T32-V32 -> 0 | AA32: 27 | AB32: 0
C33: Totall | D33: =SUM(D5:D32) -> 52136 | F33: =SUM(F5:F32) -> 53199 | H33: =SUM(H5:H32) -> 116412 | I33: =SUM(I5:I32) -> 4712 | J33: =SUM(J5:J32) -> 173026 | K33: =SUM(K5:K32) -> 8403 | L33: =SUM(L5:L32) -> 173392 | M33: =SUM(M6:M32) -> 8403 | N33: =SUM(N5:N32) -> 170114 | O33: =SUM(O5:O32) -> 8310 | P33: =SUM(P5:P32) -> 194035.7 | Q33: =SUM(Q5:Q32) -> 11864.5 | R33: =SUM(R5:R32) -> 194035.7 | S33: =SUM(S5:S32) -> 11864.5 | T33: =SUM(T5:T32) -> 194035.7 | U33: =SUM(U5:U32) -> 11864.5 | ... W33: =SUM(W5:W32) -> 11426.5 | X33: =P33-R33 -> 0 | Y33: =T33-V33 -> 12597.8 | AA33: =SUM(AA6:AA32) -> 27
C34: Problem

Sheet SFBL-GH
A1: 20/11/2025 Opening Date
D2: Opening Date:20/11/25 | F2: Opening Date:25/12/25 | H2: Opening Date:01/01/26 | J2: Opening Date:15/01/26 | L2: Opening Date:29/01/26 | N2: Opening Date:05/02/26 | P2: Opening Date:12/02/26 | R2: Opening Date:26/02/26 | T2: All Week | U2: All Week
A3: Si | B3: Project Name | C3: Matarials Name | D3: Opening QTY | E3: Opening Nos | F3: Opening QTY | G3: Opening Nos | H3: Opening QTY | I3: Opening Nos | J3: Opening QTY | K3: Opening Nos | L3: Opening QTY | M3: Opening Nos | N3: Opening QTY | O3: Opening Nos | P3: Opening QTY | Q3: Opening Nos | R3: Opening QTY | S3: Opening Nos | T3: Transfer In | U3: Transfer Out | V3: Blance | W3: Nos | X3: Whight Kg
A4: 1 | B4: SFBL-Main Gate | C4: Steel shutter - various size | D4: 14973 | E4: 0 | F4: 14973 | G4: 0 | H4: 14973 | I4: 0 | J4: 14973 | K4: 0 | L4: 14973 | M4: 0 | N4: 14973 | O4: 0 | P4: 14973 | Q4: 0 | R4: 14973 | S4: 0 | T4: 0 | U4: 0 | V4: =(D4+T4)-U4 -> 14973 | W4: 0
A5: 2 | B5: SFBL-Main Gate | C5: Steel props | D5: 7562 | E5: =398 -> 398 | F5: 7562 | G5: =398 -> 398 | H5: 7562 | I5: =398 -> 398 | J5: 7562 | K5: =398 -> 398 | L5: 7562 | M5: =398 -> 398 | N5: 7562 | O5: =398 -> 398 | P5: 7562 | Q5: =398 -> 398 | R5: 7562 | S5: =398 -> 398 | T5: 0 | U5: 0 | V5: =(D5+T5)-U5 -> 7562 | W5: =V5/19 -> 398 | X5: =V5/W5 -> 19
A6: 3 | B6: SFBL-Main Gate | C6: Scaffolding long | D6: 2701 | E6: 73 | F6: 2701 | G6: 73 | H6: 2701 | I6: 73 | J6: 2701 | K6: 73 | L6: 2701 | M6: 73 | N6: 2701 | O6: 73 | P6: 2701 | Q6: 73 | R6: 2701 | S6: 73 | T6: 0 | U6: 0 | V6: =(D6+T6)-U6 -> 2701 | W6: =V6/37 -> 73 | X6: =V6/W6 -> 37
A7: 4 | B7: SFBL-Main Gate | C7: Scaffoding short | D7: 1836 | E7: 108 | F7: 1836 | G7: 108 | H7: 1836 | I7: 108 | J7: 1836 | K7: 108 | L7: 1836 | M7: 108 | N7: 1836 | O7: 108 | P7: 1836 | Q7: 108 | R7: 1836 | S7: 108 | T7: 0 | U7: 0 | V7: =(D7+T7)-U7 -> 1836 | W7: =V7/17 -> 108 | X7: =V7/W7 -> 17
A8: 5 | B8: SFBL-Main Gate | C8: Cross bar | D8: 605 | E8: 121 | F8: 605 | G8: 121 | H8: 605 | I8: 121 | J8: 605 | K8: 121 | L8: 605 | M8: 121 | N8: 605 | O8: 121 | P8: 605 | Q8: 121 | R8: 605 | S8: 121 | T8: 0 | U8: 0 | V8: =(D8+T8)-U8 -> 605 | W8: =V8/5 -> 121 | X8: =V8/W8 -> 5
A9: 6 | B9: SFBL-Main Gate | C9: Joint pin | D9: 297 | E9: 495 | F9: 297 | G9: 495 | H9: 297 | I9: 495 | J9: 297 | K9: 495 | L9: 297 | M9: 495 | N9: 297 | O9: 495 | P9: 297 | Q9: 495 | R9: 297 | S9: 495 | T9: 0 | U9: 0 | V9: =(D9+T9)-U9 -> 297 | W9: =V9/0.6 -> 495 | X9: =V9/W9 -> 0.6
A10: 7 | B10: SFBL-Main Gate | C10: Adjustable Base Jack | D10: 650 | E10: 130 | F10: 650 | G10: 130 | H10: 650 | I10: 130 | J10: 650 | K10: 130 | L10: 650 | M10: 130 | N10: 650 | O10: 130 | P10: 650 | Q10: 130 | R10: 650 | S10: 130 | T10: 0 | U10: 0 | V10: =(D10+T10)-U10 -> 650 | W10: =V10/5 -> 130 | X10: =V10/W10 -> 5
A11: 8 | B11: SFBL-Main Gate | C11: U head | D11: 650 | E11: 130 | F11: 650 | G11: 130 | H11: 650 | I11: 130 | J11: 650 | K11: 130 | L11: 650 | M11: 130 | N11: 650 | O11: 130 | P11: 650 | Q11: 130 | R11: 650 | S11: 130 | T11: 0 | U11: 0 | V11: =(D11+T11)-U11 -> 650 | W11: =V11/5 -> 130 | X11: =V11/W11 -> 5
A12: 9 | B12: SFBL-Main Gate | C12: Base plate | D12: 0 | E12: 0 | F12: 0 | G12: 0 | H12: 0 | I12: 0 | J12: 0 | K12: 0 | L12: 0 | M12: 0 | N12: 0 | O12: 0 | P12: 0 | Q12: 0 | R12: 0 | S12: 0 | T12: 0 | U12: 0 | V12: =(D12+T12)-U12 -> 0 | W12: 0 | X12: 0
A13: 10 | B13: SFBL-Main Gate | C13: MS angle 1.5"*1.5" | D13: 0 | E13: 0 | F13: 0 | G13: 0 | H13: 0 | I13: 0 | J13: 0 | K13: 0 | L13: 0 | M13: 0 | N13: 0 | O13: 0 | P13: 0 | Q13: 0 | R13: 0 | S13: 0 | T13: 0 | U13: 0 | V13: =(D13+T13)-U13 -> 0 | W13: 0 | X13: 0
A14: 11 | B14: SFBL-Main Gate | C14: MS angle 2"*2" | D14: 960 | E14: 0 | F14: 960 | G14: 0 | H14: 960 | I14: 0 | J14: 960 | K14: 0 | L14: 960 | M14: 0 | N14: 960 | O14: 0 | P14: 960 | Q14: 0 | R14: 960 | S14: 0 | T14: 0 | U14: 0 | V14: =(D14+T14)-U14 -> 960 | W14: 0 | X14: 0
A15: 12 | B15: SFBL-Main Gate | C15: I-joist | D15: 0 | E15: 0 | F15: 0 | G15: 0 | H15: 0 | I15: 0 | J15: 0 | K15: 0 | L15: 0 | M15: 0 | N15: 0 | O15: 0 | P15: 0 | Q15: 0 | R15: 0 | S15: 0 | T15: 0 | U15: 0 | V15: =(D15+T15)-U15 -> 0 | W15: 0 | X15: 0
A16: 13 | B16: SFBL-Main Gate | C16: Ms.sheet | D16: 3570 | E16: 210 | F16: 3570 | G16: 210 | H16: 3570 | I16: 210 | J16: 3570 | K16: 210 | L16: 3570 | M16: 210 | N16: 3570 | O16: 210 | P16: 3570 | Q16: 210 | R16: 3570 | S16: 210 | T16: 0 | U16: 0 | V16: =(D16+T16)-U16 -> 3570 | W16: =V16/17 -> 210 | X16: =V16/W16 -> 17
A17: 14 | B17: SFBL-Main Gate | C17: Shutter Grill | D17: 0 | E17: 0 | F17: 0 | G17: 0 | H17: 0 | I17: 0 | J17: 0 | K17: 0 | L17: 0 | M17: 0 | N17: 0 | O17: 0 | P17: 0 | Q17: 0 | R17: 0 | S17: 0 | T17: 0 | U17: 0 | V17: =(D17+T17)-U17 -> 0 | W17: 0 | X17: 0
A18: 15 | B18: SFBL-Main Gate | C18: Hollow box 1.5" x 1.5" | D18: 3500 | E18: 0 | F18: 3500 | G18: 0 | H18: 3500 | I18: 0 | J18: 3500 | K18: 0 | L18: 3500 | M18: 0 | N18: 3500 | O18: 0 | P18: 3500 | Q18: 0 | R18: 3500 | S18: 0 | T18: 0 | U18: 0 | V18: =(D18+T18)-U18 -> 3500 | W18: 0 | X18: 0
A19: 16 | B19: SFBL-Main Gate | C19: Hollow box 3" x 3" | D19: 2243 | E19: 0 | F19: 2243 | G19: 0 | H19: 2243 | I19: 0 | J19: 2243 | K19: 0 | L19: 2243 | M19: 0 | N19: 2243 | O19: 0 | P19: 2243 | Q19: 0 | R19: 2243 | S19: 0 | T19: 0 | U19: 0 | V19: =(D19+T19)-U19 -> 2243 | W19: 0 | X19: 0
A20: 17 | B20: SFBL-Main Gate | C20: MS pipe 1.5" | D20: 0 | E20: 0 | F20: 0 | G20: 0 | H20: 0 | I20: 0 | J20: 0 | K20: 0 | L20: 0 | M20: 0 | N20: 0 | O20: 0 | P20: 0 | Q20: 0 | R20: 0 | S20: 0 | T20: 0 | U20: 0 | V20: =(D20+T20)-U20 -> 0 | W20: 0 | X20: 0
A21: 18 | B21: SFBL-Main Gate | C21: MS pipe 1.75” | D21: 0 | E21: 0 | F21: 0 | G21: 0 | H21: 0 | I21: 0 | J21: 0 | K21: 0 | L21: 0 | M21: 0 | N21: 0 | O21: 0 | P21: 0 | Q21: 0 | R21: 0 | S21: 0 | T21: 0 | U21: 0 | V21: =(D21+T21)-U21 -> 0 | W21: 0 | X21: 0
A22: 19 | B22: SFBL-Main Gate | C22: MS pipe 2" | D22: 0 | E22: 0 | F22: 0 | G22: 0 | H22: 0 | I22: 0 | J22: 0 | K22: 0 | L22: 0 | M22: 0 | N22: 0 | O22: 0 | P22: 0 | Q22: 0 | R22: 0 | S22: 0 | T22: 0 | U22: 0 | V22: =(D22+T22)-U22 -> 0 | W22: 0 | X22: 0
A23: 20 | B23: SFBL-Main Gate | C23: MS pipe 2.5" | D23: 0 | E23: 0 | F23: 0 | G23: 0 | H23: 0 | I23: 0 | J23: 0 | K23: 0 | L23: 0 | M23: 0 | N23: 0 | O23: 0 | P23: 0 | Q23: 0 | R23: 0 | S23: 0 | T23: 0 | U23: 0 | V23: =(D23+T23)-U23 -> 0 | W23: 0 | X23: 0
A24: 21 | B24: SFBL-Main Gate | C24: Thread Rod | D24: 0 | E24: 0 | F24: 0 | G24: 0 | H24: 0 | I24: 0 | J24: 0 | K24: 0 | L24: 0 | M24: 0 | N24: 0 | O24: 0 | P24: 0 | Q24: 0 | R24: 0 | S24: 0 | T24: 0 | U24: 0 | V24: =(D24+T24)-U24 -> 0 | W24: 0 | X24: 0
A25: 22 | B25: SFBL-Main Gate | C25: Nut, Bolt & Washer | D25: 0 | E25: 0 | F25: 0 | G25: 0 | H25: 0 | I25: 0 | J25: 0 | K25: 0 | L25: 0 | M25: 0 | N25: 0 | O25: 0 | P25: 0 | Q25: 0 | R25: 0 | S25: 0 | T25: 0 | U25: 0 | V25: =(D25+T25)-U25 -> 0 | W25: 0 | X25: 0
A26: 23 | B26: SFBL-Main Gate | C26: T bolt (Nos) | D26: 0 | E26: 0 | F26: 0 | G26: 0 | H26: 0 | I26: 0 | J26: 0 | K26: 0 | L26: 0 | M26: 0 | N26: 0 | O26: 0 | P26: 0 | Q26: 0 | R26: 0 | S26: 0 | T26: 0 | U26: 0 | V26: =(D26+T26)-U26 -> 0 | W26: 0 | X26: 0
A27: 24 | B27: SFBL-Main Gate | C27: Trun bolt (Nos) | D27: 0 | E27: 0 | F27: 0 | G27: 0 | H27: 0 | I27: 0 | J27: 0 | K27: 0 | L27: 0 | M27: 0 | N27: 0 | O27: 0 | P27: 0 | Q27: 0 | R27: 0 | S27: 0 | T27: 0 | U27: 0 | V27: =(D27+T27)-U27 -> 0 | W27: 0 | X27: 0
A28: 25 | B28: SFBL-Main Gate | C28: C- clamp (Nos) | D28: 0 | E28: 0 | F28: 0 | G28: 0 | H28: 0 | I28: 0 | J28: 0 | K28: 0 | L28: 0 | M28: 0 | N28: 0 | O28: 0 | P28: 0 | Q28: 0 | R28: 0 | S28: 0 | T28: 0 | U28: 0 | V28: =(D28+T28)-U28 -> 0 | W28: 0 | X28: 0
... A31: 31 | B31: SFBL-Main Gate | C31: Tin (Nos) | D31: 0 | E31: 0 | F31: 0 | G31: 0 | H31: 0 | I31: 0 | J31: 0 | K31: 0 | L31: 0 | M31: 0 | N31: 0 | O31: 0 | P31: 0 | Q31: 0 | R31: 0 | S31: 0 | T31: 0 | U31: 0 | V31: =(D31+T31)-U31 -> 0 | W31: 0 | X31: 0
D32: =SUM(D4:D31) -> 39547 | E32: =SUM(E4:E31) -> 1665 | F32: =SUM(F4:F31) -> 39547 | G32: =SUM(G4:G31) -> 1665 | H32: =SUM(H4:H31) -> 39547 | I32: =SUM(I4:I31) -> 1665 | J32: =SUM(J4:J31) -> 39547 | K32: =SUM(K4:K31) -> 1665 | ... S32: =SUM(S4:S31) -> 1665 | T32: 0 | U32: 0 | V32: =SUM(V4:V31) -> 39547 | W32: =SUM(W4:W31) -> 1665
E33: No KG

Sheet STP
A1: 23/10/2025 Opening Date
D2: Opening Date:23/10/25 | F2: Opening Date:30/10/25 | H2: Opening Date:20/11/25 | J2: All Week | K2: All Week | L2: Stock Cheek
A3: Si | B3: Project Name | C3: Matarials Name | D3: Opening QTY | E3: Opening NOS | F3: Opening QTY | G3: Opening NOS | H3: Opening QTY | I3: Opening NOS | J3: Transfer In | K3: Transfer Out | L3: Blance | M3: Nos | N3: Whight Kg
A4: 1 | B4: SFBL-STP | C4: Steel shutter - various size | D4: 94 | E4: 0 | F4: 94 | G4: 0 | H4: 94 | I4: 0 | L4: =(H4+J4)-K4 -> 94 | N4: =L4/M4 -> #DIV/0!
A5: 2 | B5: SFBL-STP | C5: Steel props | D5: 0 | E5: 0 | F5: 0 | G5: 0 | H5: 0 | I5: 0 | L5: =(H5+J5)-K5 -> 0 | N5: =L5/M5 -> #DIV/0!
A6: 3 | B6: SFBL-STP | C6: Scaffolding long | D6: 445 | E6: 12 | F6: 445 | G6: 12 | H6: 445 | I6: 12 | L6: =(H6+J6)-K6 -> 445 | M6: =L6/37 -> 12.027027 | N6: =L6/M6 -> 37
A7: 4 | B7: SFBL-STP | C7: Scaffoding short | D7: 85 | E7: 5 | F7: 85 | G7: 5 | H7: 85 | I7: 5 | L7: =(H7+J7)-K7 -> 85 | M7: =L7/17 -> 5 | N7: =L7/M7 -> 17
A8: 5 | B8: SFBL-STP | C8: Cross bar | D8: 520 | E8: 39.5 | F8: 520 | G8: 39.5 | H8: 520 | I8: 39.5 | L8: =(H8+J8)-K8 -> 520 | M8: =L8/5 -> 104 | N8: =L8/M8 -> 5
A9: 6 | B9: SFBL-STP | C9: Joint pin | D9: 100 | E9: 165 | F9: 100 | G9: 165 | H9: 100 | I9: 165 | L9: =(H9+J9)-K9 -> 100 | M9: =L9/0.6 -> 166.66667 | N9: =L9/M9 -> 0.6
A10: 7 | B10: SFBL-STP | C10: Adjustable Base Jack | D10: 0 | E10: 0 | F10: 0 | G10: 0 | H10: 0 | I10: 0 | L10: =(H10+J10)-K10 -> 0 | N10: =L10/M10 -> #DIV/0!
A11: 8 | B11: SFBL-STP | C11: U head | D11: 28 | E11: 7 | F11: 28 | G11: 7 | H11: 28 | I11: 7 | L11: =(H11+J11)-K11 -> 28 | M11: =L11/5 -> 5.6 | N11: =L11/M11 -> 5
A12: 9 | B12: SFBL-STP | C12: Base plate | D12: 3 | E12: 2 | F12: 3 | G12: 2 | H12: 3 | I12: 2 | L12: =(H12+J12)-K12 -> 3 | M12: =L12/5 -> 0.6 | N12: =L12/M12 -> 5
A13: 10 | B13: SFBL-STP | C13: MS angle 1.5"*1.5" | D13: 550 | E13: 0 | F13: 550 | G13: 0 | H13: 550 | I13: 0 | L13: =(H13+J13)-K13 -> 550 | N13: =L13/M13 -> #DIV/0!
A14: 11 | B14: SFBL-STP | C14: MS angle 2"*2" | D14: 15 | E14: 0 | F14: 15 | G14: 0 | H14: 15 | I14: 0 | L14: =(H14+J14)-K14 -> 15 | N14: =L14/M14 -> #DIV/0!
A15: 12 | B15: SFBL-STP | C15: I-joist | D15: 0 | E15: 0 | F15: 0 | G15: 0 | H15: 0 | I15: 0 | L15: =(H15+J15)-K15 -> 0 | N15: =L15/M15 -> #DIV/0!
A16: 13 | B16: SFBL-STP | C16: Ms.sheet | D16: 48 | E16: 3 | F16: 48 | G16: 3 | H16: 48 | I16: 3 | L16: =(H16+J16)-K16 -> 48 | M16: =L16/17 -> 2.8235294 | N16: =L16/M16 -> 17
A17: 14 | B17: SFBL-STP | C17: Shutter Grill | D17: 0 | E17: 0 | F17: 0 | G17: 0 | H17: 0 | I17: 0 | L17: =(H17+J17)-K17 -> 0 | N17: =L17/M17 -> #DIV/0!
A18: 15 | B18: SFBL-STP | C18: Hollow box 1.5" x 1.5" | D18: 36 | E18: 0 | F18: 36 | G18: 0 | H18: 36 | I18: 0 | L18: =(H18+J18)-K18 -> 36 | N18: =L18/M18 -> #DIV/0!
A19: 16 | B19: SFBL-STP | C19: Hollow box 3" x 3" | D19: 92 | E19: 0 | F19: 92 | G19: 0 | H19: 92 | I19: 0 | L19: =(H19+J19)-K19 -> 92 | N19: =L19/M19 -> #DIV/0!
A20: 17 | B20: SFBL-STP | C20: MS pipe 1.5" | D20: 0 | E20: 0 | F20: 0 | G20: 0 | H20: 0 | I20: 0 | L20: =(H20+J20)-K20 -> 0 | N20: =L20/M20 -> #DIV/0!
A21: 18 | B21: SFBL-STP | C21: MS pipe 1.75” | D21: 78 | E21: 0 | F21: 78 | G21: 0 | H21: 78 | I21: 0 | L21: =(H21+J21)-K21 -> 78 | N21: =L21/M21 -> #DIV/0!
A22: 19 | B22: SFBL-STP | C22: MS pipe 2" | D22: 0 | E22: 0 | F22: 0 | G22: 0 | H22: 0 | I22: 0 | L22: =(H22+J22)-K22 -> 0 | N22: =L22/M22 -> #DIV/0!
A23: 20 | B23: SFBL-STP | C23: MS pipe 2.5" | D23: 1257 | E23: 0 | F23: 1257 | G23: 0 | H23: 1257 | I23: 0 | L23: =(H23+J23)-K23 -> 1257 | N23: =L23/M23 -> #DIV/0!
A24: 21 | B24: SFBL-STP | C24: Thread Rod | D24: 0 | E24: 0 | F24: 0 | G24: 0 | H24: 0 | I24: 0 | L24: =(H24+J24)-K24 -> 0 | N24: =L24/M24 -> #DIV/0!
A25: 22 | B25: SFBL-STP | C25: Nut, Bolt & Washer | D25: 207 | E25: 0 | F25: 207 | G25: 0 | H25: 207 | I25: 0 | L25: =(H25+J25)-K25 -> 207 | N25: =L25/M25 -> #DIV/0!
A26: 23 | B26: SFBL-STP | C26: T bolt (Nos) | D26: 0 | E26: 0 | F26: 0 | G26: 0 | H26: 0 | I26: 0 | L26: =(H26+J26)-K26 -> 0 | N26: =L26/M26 -> #DIV/0!
A27: 24 | B27: SFBL-STP | C27: Trun bolt (Nos) | D27: 0 | E27: 0 | F27: 0 | G27: 0 | H27: 0 | I27: 0 | L27: =(H27+J27)-K27 -> 0 | N27: =L27/M27 -> #DIV/0!
A28: 25 | B28: SFBL-STP | C28: C- clamp (Nos) | D28: 2 | E28: 3 | F28: 2 | G28: 3 | H28: 2 | I28: 3 | L28: =(H28+J28)-K28 -> 2 | M28: =L28/0.4 -> 5 | N28: =L28/M28 -> 0.4
A29: 26 | B29: SFBL-STP | C29: Pikon (Nos) | D29: 0 | E29: 0 | F29: 0 | G29: 0 | H29: 0 | I29: 0 | L29: =(H29+J29)-K29 -> 0 | N29: =L29/M29 -> #DIV/0!
A30: 27 | B30: SFBL-STP | C30: Swivel clamp (Nos) | D30: =E30*0.6 -> 0 | F30: =G30*0.6 -> 0 | H30: =I30*0.6 -> 0 | L30: =(H30+J30)-K30 -> 0 | N30: =L30/M30 -> #DIV/0!
A31: 31 | B31: SFBL-STP | C31: Tin (Nos) | D31: 0 | E31: 259 | F31: 0 | G31: 259 | H31: 0 | I31: 259 | L31: =(H31+J31)-K31 -> 0 | N31: =L31/M31 -> #DIV/0!
C32: Totall | D32: =SUM(D4:D31) -> 3560 | E32: =SUM(E4:E31) -> 495.5 | F32: =SUM(F4:F31) -> 3560 | G32: =SUM(G4:G31) -> 495.5 | H32: =SUM(H4:H31) -> 3560 | I32: =SUM(I4:I31) -> 495.5 | L32: =SUM(L4:L31) -> 3560

Sheet ETP
A1: 23/10/2025 Opening Date
D2: Opening Date:23/10/25 | F2: Opening Date:30/10/25 | H2: Opening Date:20/11/25 | J2: All Week | K2: All Week | L2: Stock Cheek
A3: Si | B3: Project Name | C3: Matarials Name | D3: Opening QTY | E3: Opening nos | F3: Opening QTY | G3: Opening nos | H3: Opening QTY | I3: Opening nos | J3: Transfer In | K3: Transfer Out | L3: Blance | M3: Nos | N3: Whight Kg
A4: 1 | B4: SFBL-ETP | C4: Steel shutter - various size | D4: 86 | E4: 0 | F4: 86 | G4: 0 | H4: 86 | I4: 0 | L4: =(H4+J4)-K4 -> 86 | M4: 0 | N4: =L4/M4 -> #DIV/0!
A5: 2 | B5: SFBL-ETP | C5: Steel props | D5: 0 | E5: 0 | F5: 0 | G5: 0 | H5: 0 | I5: 0 | L5: =(H5+J5)-K5 -> 0 | M5: 0 | N5: =L5/M5 -> #DIV/0!
A6: 3 | B6: SFBL-ETP | C6: Scaffolding long | D6: 444 | E6: 12 | F6: 444 | G6: 12 | H6: 444 | I6: 12 | L6: =(H6+J6)-K6 -> 444 | M6: =L6/37 -> 12 | N6: =L6/M6 -> 37
A7: 4 | B7: SFBL-ETP | C7: Scaffoding short | D7: 119 | E7: 7 | F7: 119 | G7: 7 | H7: 119 | I7: 7 | L7: =(H7+J7)-K7 -> 119 | M7: =L7/17 -> 7 | N7: =L7/M7 -> 17
A8: 5 | B8: SFBL-ETP | C8: Cross bar | D8: 390 | E8: 39 | F8: 390 | G8: 39 | H8: 390 | I8: 39 | L8: =(H8+J8)-K8 -> 390 | M8: =L8/5 -> 78 | N8: =L8/M8 -> 5
A9: 6 | B9: SFBL-ETP | C9: Joint pin | D9: 101.4 | E9: 167 | F9: 101.4 | G9: 167 | H9: 101.4 | I9: 167 | L9: =(H9+J9)-K9 -> 101.4 | M9: =L9/0.6 -> 169 | N9: =L9/M9 -> 0.6
A10: 7 | B10: SFBL-ETP | C10: Adjustable Base Jack | D10: 0 | E10: 0 | F10: 0 | G10: 0 | H10: 0 | I10: 0 | L10: =(H10+J10)-K10 -> 0 | M10: =L10/5 -> 0 | N10: =L10/M10 -> #DIV/0!
A11: 8 | B11: SFBL-ETP | C11: U head | D11: 16 | E11: 4 | F11: 16 | G11: 4 | H11: 16 | I11: 4 | L11: =(H11+J11)-K11 -> 16 | M11: =L11/5 -> 3.2 | N11: =L11/M11 -> 5
A12: 9 | B12: SFBL-ETP | C12: Base plate | D12: 2 | E12: 2 | F12: 2 | G12: 2 | H12: 2 | I12: 2 | L12: =(H12+J12)-K12 -> 2 | M12: =L12/0.8 -> 2.5 | N12: =L12/M12 -> 0.8
A13: 10 | B13: SFBL-ETP | C13: MS angle 1.5"*1.5" | D13: 550 | E13: 0 | F13: 550 | G13: 0 | H13: 550 | I13: 0 | L13: =(H13+J13)-K13 -> 550 | M13: 0 | N13: =L13/M13 -> #DIV/0!
A14: 11 | B14: SFBL-ETP | C14: MS angle 2"*2" | D14: 10 | E14: 0 | F14: 10 | G14: 0 | H14: 10 | I14: 0 | L14: =(H14+J14)-K14 -> 10 | M14: 0 | N14: =L14/M14 -> #DIV/0!
A15: 12 | B15: SFBL-ETP | C15: I-joist | D15: 0 | E15: 0 | F15: 0 | G15: 0 | H15: 0 | I15: 0 | L15: =(H15+J15)-K15 -> 0 | M15: 0 | N15: =L15/M15 -> #DIV/0!
A16: 13 | B16: SFBL-ETP | C16: Ms.sheet | D16: 48 | E16: 3 | F16: 48 | G16: 3 | H16: 48 | I16: 3 | L16: =(H16+J16)-K16 -> 48 | M16: =L16/17 -> 2.8235294 | N16: =L16/M16 -> 17
A17: 14 | B17: SFBL-ETP | C17: Shutter Grill | D17: 0 | E17: 0 | F17: 0 | G17: 0 | H17: 0 | I17: 0 | L17: =(H17+J17)-K17 -> 0 | M17: 0 | N17: =L17/M17 -> #DIV/0!
A18: 15 | B18: SFBL-ETP | C18: Hollow box 1.5" x 1.5" | D18: 709 | E18: 0 | F18: 709 | G18: 0 | H18: 709 | I18: 0 | L18: =(H18+J18)-K18 -> 709 | M18: 0 | N18: =L18/M18 -> #DIV/0!
A19: 16 | B19: SFBL-ETP | C19: Hollow box 3" x 3" | D19: 196 | E19: 0 | F19: 196 | G19: 0 | H19: 196 | I19: 0 | L19: =(H19+J19)-K19 -> 196 | M19: 0 | N19: =L19/M19 -> #DIV/0!
A20: 17 | B20: SFBL-ETP | C20: MS pipe 1.5" | D20: 0 | E20: 0 | F20: 0 | G20: 0 | H20: 0 | I20: 0 | L20: =(H20+J20)-K20 -> 0 | M20: 0 | N20: =L20/M20 -> #DIV/0!
A21: 18 | B21: SFBL-ETP | C21: MS pipe 1.75” | D21: 87 | E21: 0 | F21: 87 | G21: 0 | H21: 87 | I21: 0 | L21: =(H21+J21)-K21 -> 87 | M21: 0 | N21: =L21/M21 -> #DIV/0!
A22: 19 | B22: SFBL-ETP | C22: MS pipe 2" | D22: 0 | E22: 0 | F22: 0 | G22: 0 | H22: 0 | I22: 0 | L22: =(H22+J22)-K22 -> 0 | M22: 0 | N22: =L22/M22 -> #DIV/0!
A23: 20 | B23: SFBL-ETP | C23: MS pipe 2.5" | D23: 1256 | E23: 0 | F23: 1256 | G23: 0 | H23: 1256 | I23: 0 | L23: =(H23+J23)-K23 -> 1256 | M23: 0 | N23: =L23/M23 -> #DIV/0!
A24: 21 | B24: SFBL-ETP | C24: Thread Rod | D24: 0 | E24: 0 | F24: 0 | G24: 0 | H24: 0 | I24: 0 | L24: =(H24+J24)-K24 -> 0 | M24: 0 | N24: =L24/M24 -> #DIV/0!
A25: 22 | B25: SFBL-ETP | C25: Nut, Bolt & Washer | D25: 171 | E25: 0 | F25: 171 | G25: 0 | H25: 171 | I25: 0 | L25: =(H25+J25)-K25 -> 171 | M25: 0 | N25: =L25/M25 -> #DIV/0!
A26: 23 | B26: SFBL-ETP | C26: T bolt (Nos) | D26: 0 | E26: 0 | F26: 0 | G26: 0 | H26: 0 | I26: 0 | L26: =(H26+J26)-K26 -> 0 | M26: 0 | N26: =L26/M26 -> #DIV/0!
A27: 24 | B27: SFBL-ETP | C27: Trun bolt (Nos) | D27: 46 | E27: 34 | F27: 46 | G27: 34 | H27: 46 | I27: 34 | L27: =(H27+J27)-K27 -> 46 | M27: =L27/1.4 -> 32.857143 | N27: =L27/M27 -> 1.4
A28: 25 | B28: SFBL-ETP | C28: C- clamp (Nos) | D28: 1 | E28: 0 | F28: 1 | G28: 0 | H28: 1 | I28: 0 | L28: =(H28+J28)-K28 -> 1 | M28: 0 | N28: =L28/M28 -> #DIV/0!
A29: 26 | B29: SFBL-ETP | C29: Pikon (Nos) | D29: 0 | E29: 0 | F29: 0 | G29: 0 | H29: 0 | I29: 0 | L29: =(H29+J29)-K29 -> 0 | M29: 0 | N29: =L29/M29 -> #DIV/0!
A30: 27 | B30: SFBL-ETP | C30: Swivel clamp (Nos) | D30: 0 | E30: 0 | F30: 0 | G30: 0 | H30: 0 | I30: 0 | L30: =(H30+J30)-K30 -> 0 | M30: 0 | N30: =L30/M30 -> #DIV/0!
A31: 31 | B31: SFBL-ETP | C31: Tin (Nos) | D31: 0 | E31: 259 | F31: 0 | G31: 259 | H31: 0 | I31: 259 | L31: =(H31+J31)-K31 -> 0 | M31: 259 | N31: =L31/M31 -> 0
D32: =SUM(D4:D31) -> 4232.4 | E32: =SUM(E4:E31) -> 527 | F32: =SUM(F4:F31) -> 4232.4 | G32: =SUM(G4:G31) -> 527 | H32: =SUM(H4:H31) -> 4232.4 | I32: =SUM(I4:I31) -> 527 | K32: =SUM(K4:K31) -> 0 | L32: =SUM(L4:L31) -> 4232.4 | M32: =SUM(M4:M31) -> 566.38067
M33: =L33+M32 -> 566.38067

Sheet SETL-PB
A1: 23/10/2025 Opening Date
D2: Opening Date:23/10/25 | F2: Opening Date:30/10/25 | H2: Opening Date:20/11/25 | J2: Opening Date:25/12/25 | L2: Opening Date:01/01/26 | N2: Opening Date:15/01/26 | P2: Opening Date:29/01/26 | R2: Opening Date:05/02/26 | T2: Opening Date:12/02/26 | V2: Opening Date:26/02/26 | X2: All Week | Y2: All Week | Z2: Stock Cheek
A3: Si | B3: Project Name | C3: Matarials Name | D3: Opening QTY | E3: Opening nos | F3: Opening QTY | G3: Opening nos | H3: Opening QTY | I3: Opening nos | J3: Opening QTY | K3: Opening nos | L3: Opening QTY | M3: Opening nos | N3: Opening QTY | O3: Opening nos | P3: Opening QTY | Q3: Opening nos | R3: Opening QTY | S3: Opening nos | T3: Opening QTY | U3: Opening nos | V3: Opening QTY | W3: Opening nos | X3: Transfer In | Y3: Transfer Out | Z3: Blance | AA3: Nos | AB3: Whight Kg
A4: 1 | B4: SETL-PB | C4: Steel shutter - various size | D4: -22750.45 | E4: 0 | F4: -22750.45 | G4: 0 | H4: -22750.45 | I4: 0 | J4: -27651.45 | K4: 0 | L4: -27651.45 | M4: 0 | N4: -27651.45 | O4: 0 | P4: -27651.45 | Q4: 0 | R4: -27651.45 | S4: 0 | T4: -27651.45 | U4: 0 | V4: -27651.45 | W4: 0 | X4: no | Y4: No KG | Z4: =N4+X4-Y4 -> #VALUE!
A5: 2 | B5: SETL-PB | C5: Steel props | D5: -392 | E5: -20 | F5: -392 | G5: -20 | H5: -392 | I5: -20 | J5: -772 | K5: -40 | L5: -772 | M5: -40 | N5: -772 | O5: -40 | P5: -772 | Q5: -40 | R5: -772 | S5: -40 | T5: -772 | U5: -40 | V5: -772 | W5: -40 | Z5: =N5+X5-Y5 -> -772 | AA5: =Z5/19 -> -40.631579 | AB5: =Z5/AA5 -> 19
A6: 3 | B6: SETL-PB | C6: Scaffolding long | D6: 2442 | E6: 66 | F6: 2442 | G6: 66 | H6: 2442 | I6: 66 | J6: 1850 | K6: 50 | L6: 1850 | M6: 50 | N6: 1850 | O6: 50 | P6: 1850 | Q6: 50 | R6: 1850 | S6: 50 | T6: 1850 | U6: 50 | V6: 1850 | W6: 50 | Z6: =N6+X6-Y6 -> 1850 | AA6: =Z6/37 -> 50 | AB6: =Z6/AA6 -> 37
A7: 4 | B7: SETL-PB | C7: Scaffoding short | D7: 153 | E7: 9 | F7: 153 | G7: 9 | H7: 153 | I7: 9 | J7: 85 | K7: 5 | L7: 85 | M7: 5 | N7: 85 | O7: 5 | P7: 85 | Q7: 5 | R7: 85 | S7: 5 | T7: 85 | U7: 5 | V7: 85 | W7: 5 | Z7: =N7+X7-Y7 -> 85 | AA7: =Z7/17 -> 5 | AB7: =Z7/AA7 -> 17
A8: 5 | B8: SETL-PB | C8: Cross bar | D8: -2065 | E8: -413 | F8: -2065 | G8: -413 | H8: -2065 | I8: -413 | J8: -2065 | K8: -413 | L8: -2065 | M8: -413 | N8: -2065 | O8: -413 | P8: -2065 | Q8: -413 | R8: -2065 | S8: -413 | T8: -2065 | U8: -413 | V8: -2065 | W8: -413 | Z8: =N8+X8-Y8 -> -2065 | AA8: =Z8/5 -> -413 | AB8: =Z8/AA8 -> 5
A9: 6 | B9: SETL-PB | C9: Joint pin | D9: 1045.8 | E9: 1743 | F9: 1045.8 | G9: 1743 | H9: 1045.8 | I9: 1743 | J9: 985 | K9: 1643 | L9: 985 | M9: 1643 | N9: 985 | O9: 1643 | P9: 985 | Q9: 1643 | R9: 985 | S9: 1643 | T9: 985 | U9: 1643 | V9: 985 | W9: 1643 | Z9: =N9+X9-Y9 -> 985 | AA9: =Z9/0.6 -> 1641.6667 | AB9: =Z9/AA9 -> 0.6
A10: 7 | B10: SETL-PB | C10: Adjustable Base Jack | D10: 180 | E10: 36 | F10: 180 | G10: 36 | H10: 180 | I10: 36 | J10: 20 | K10: 4 | L10: 20 | M10: 4 | N10: 20 | O10: 4 | P10: 20 | Q10: 4 | R10: 20 | S10: 4 | T10: 20 | U10: 4 | V10: 20 | W10: 4 | Z10: =N10+X10-Y10 -> 20 | AA10: =Z10/5 -> 4 | AB10: =Z10/AA10 -> 5
A11: 8 | B11: SETL-PB | C11: U head | D11: -100 | E11: -20 | F11: -100 | G11: -20 | H11: -100 | I11: -20 | J11: -100 | K11: -20 | L11: -100 | M11: -20 | N11: -100 | O11: -20 | P11: -100 | Q11: -20 | R11: -100 | S11: -20 | T11: -100 | U11: -20 | V11: -100 | W11: -20 | Z11: =N11+X11-Y11 -> -100 | AA11: =Z11/5 -> -20 | AB11: =Z11/AA11 -> 5
A12: 9 | B12: SETL-PB | C12: Base plate | D12: 274.4 | E12: 343 | F12: 274.4 | G12: 343 | H12: 274.4 | I12: 343 | J12: 274.4 | K12: 343 | L12: 274 | M12: 343 | N12: 274 | O12: 343 | P12: 274 | Q12: 343 | R12: 274 | S12: 343 | T12: 274 | U12: 343 | V12: 274 | W12: 343 | Z12: =N12+X12-Y12 -> 274 | AA12: =Z12/0.8 -> 342.5 | AB12: =Z12/AA12 -> 0.8
A13: 10 | B13: SETL-PB | C13: MS angle 1.5"*1.5" | D13: 4467.75 | E13: 0 | F13: 4467.75 | G13: 0 | H13: 4467.75 | I13: 0 | J13: 4467.75 | K13: 0 | L13: 4467.75 | M13: 0 | N13: 4467.75 | O13: 0 | P13: 4467.75 | Q13: 0 | R13: 4467.75 | S13: 0 | T13: 4467.75 | U13: 0 | V13: 4467.75 | W13: 0 | Z13: =N13+X13-Y13 -> 4467.75 | AA13: 0 | AB13: 0
A14: 11 | B14: SETL-PB | C14: MS angle 2"*2" | D14: 7465.56 | E14: 0 | F14: 7465.56 | G14: 0 | H14: 7465.56 | I14: 0 | J14: 6997.56 | K14: 0 | L14: 6997.56 | M14: 0 | N14: 6997.56 | O14: 0 | P14: 6997.56 | Q14: 0 | R14: 6997.56 | S14: 0 | T14: 6997.56 | U14: 0 | V14: 6997.56 | W14: 0 | Z14: =N14+X14-Y14 -> 6997.56 | AA14: 0 | AB14: 0
A15: 12 | B15: SETL-PB | C15: I-joist | D15: 0 | E15: 0 | F15: 0 | G15: 0 | H15: 0 | I15: 0 | J15: 0 | K15: 0 | L15: 0 | M15: 0 | N15: 0 | O15: 0 | Q15: 0 | S15: 0 | U15: 0 | W15: 0 | Z15: =N15+X15-Y15 -> 0 | AA15: 0 | AB15: 0
A16: 13 | B16: SETL-PB | C16: Ms.sheet | D16: 10625 | E16: 625 | F16: 10625 | G16: 625 | H16: 10625 | I16: 625 | J16: 10149 | K16: 597 | L16: 10149 | M16: 597 | N16: 10149 | O16: 597 | P16: 10149 | Q16: 597 | R16: 10149 | S16: 597 | T16: 10149 | U16: 597 | V16: 10149 | W16: 597 | Z16: =N16+X16-Y16 -> 10149 | AA16: =Z16/17 -> 597 | AB16: =Z16/AA16 -> 17
A17: 14 | B17: SETL-PB | C17: Shutter Grill | D17: 18 | E17: 1 | F17: 18 | G17: 1 | H17: 18 | I17: 1 | J17: 18 | K17: 1 | L17: 18 | M17: 1 | N17: 18 | O17: 1 | P17: 18 | Q17: 1 | R17: 18 | S17: 1 | T17: 18 | U17: 1 | V17: 18 | W17: 1 | Z17: =N17+X17-Y17 -> 18 | AA17: =Z17/19 -> 0.94736842 | AB17: 0
A18: 15 | B18: SETL-PB | C18: Hollow box 1.5" x 1.5" | D18: 20800.25 | E18: 0 | F18: 20800.25 | G18: 0 | H18: 20800.25 | I18: 0 | J18: 18963.25 | K18: 0 | L18: 18963.25 | M18: 0 | N18: 18963.25 | O18: 0 | P18: 18963.25 | Q18: 0 | R18: 18963.25 | S18: 0 | T18: 18963.25 | U18: 0 | V18: 18963.25 | W18: 0 | Z18: =N18+X18-Y18 -> 18963.25 | AA18: 0 | AB18: 0
A19: 16 | B19: SETL-PB | C19: Hollow box 3" x 3" | D19: 2013 | E19: 0 | F19: 2013 | G19: 0 | H19: 2013 | I19: 0 | J19: 1713 | K19: 0 | L19: 1713 | M19: 0 | N19: 1713 | O19: 0 | P19: 1713.8 | Q19: 0 | R19: 1713.8 | S19: 0 | T19: 1713.8 | U19: 0 | V19: 1713.8 | W19: 0 | Z19: =N19+X19-Y19 -> 1713 | AA19: 0 | AB19: 0
A20: 17 | B20: SETL-PB | C20: MS pipe 1.5" | D20: 5394.48 | E20: 0 | F20: 5394.48 | G20: 0 | H20: 5394.48 | I20: 0 | J20: 4554.48 | K20: 0 | L20: 4554.48 | M20: 0 | N20: 4554.48 | O20: 0 | P20: 4554.48 | Q20: 0 | R20: 4554.48 | S20: 0 | T20: 4554.48 | U20: 0 | V20: 4554.48 | W20: 0 | Z20: =N20+X20-Y20 -> 4554.48 | AA20: 0 | AB20: 0
A21: 18 | B21: SETL-PB | C21: MS pipe 1.75” | D21: 0 | E21: 0 | F21: 0 | G21: 0 | H21: 0 | I21: 0 | J21: 0 | K21: 0 | L21: 0 | M21: 0 | N21: 0 | O21: 0 | P21: 0 | Q21: 0 | R21: 0 | S21: 0 | T21: 0 | U21: 0 | V21: 0 | W21: 0 | Z21: =N21+X21-Y21 -> 0 | AA21: 0 | AB21: 0
A22: 19 | B22: SETL-PB | C22: MS pipe 2" | D22: 0 | E22: 0 | F22: 0 | G22: 0 | H22: 0 | I22: 0 | J22: 0 | K22: 0 | L22: 0 | M22: 0 | N22: 0 | O22: 0 | P22: 0 | Q22: 0 | R22: 0 | S22: 0 | T22: 0 | U22: 0 | V22: 0 | W22: 0 | Z22: =N22+X22-Y22 -> 0 | AA22: 0 | AB22: 0
A23: 20 | B23: SETL-PB | C23: MS pipe 2.5" | D23: 1184 | E23: 0 | F23: 1184 | G23: 0 | H23: 1184 | I23: 0 | J23: 1184.2 | K23: 0 | L23: 1184.2 | M23: 0 | N23: 1184.2 | O23: 0 | P23: 1184.2 | Q23: 0 | R23: 1184.2 | S23: 0 | T23: 1184.2 | U23: 0 | V23: 1184.2 | W23: 0 | Z23: =N23+X23-Y23 -> 1184.2 | AA23: 0 | AB23: 0
A24: 21 | B24: SETL-PB | C24: Thread Rod | D24: 0 | E24: 0 | F24: 0 | G24: 0 | H24: 0 | I24: 0 | J24: 0 | K24: 0 | L24: 0 | M24: 0 | N24: 0 | O24: 0 | P24: 0 | Q24: 0 | R24: 0 | S24: 0 | T24: 0 | U24: 0 | V24: 0 | W24: 0 | Z24: =N24+X24-Y24 -> 0 | AA24: 0 | AB24: 0
A25: 22 | B25: SETL-PB | C25: Nut, Bolt & Washer | D25: 0 | E25: 0 | F25: 0 | G25: 0 | H25: 0 | I25: 0 | J25: 0 | K25: 0 | L25: 0 | M25: 0 | N25: 0 | O25: 0 | P25: 0 | Q25: 0 | R25: 0 | S25: 0 | T25: 0 | U25: 0 | V25: 0 | W25: 0 | Z25: =N25+X25-Y25 -> 0 | AA25: 0 | AB25: 0
A26: 23 | B26: SETL-PB | C26: T bolt (Nos) | D26: 0 | E26: 0 | F26: 0 | G26: 0 | H26: 0 | I26: 0 | J26: 0 | K26: 0 | L26: 0 | M26: 0 | N26: 0 | O26: 0 | P26: 0 | Q26: 0 | R26: 0 | S26: 0 | T26: 0 | U26: 0 | V26: 0 | W26: 0 | Z26: =N26+X26-Y26 -> 0 | AA26: =Z26/19 -> 0 | AB26: 0
A27: 24 | B27: SETL-PB | C27: Trun bolt (Nos) | D27: =E27*1.4 -> 200.2 | E27: 143 | F27: 200.2 | G27: 143 | H27: 200.2 | I27: 143 | J27: =K27*1.4 -> 193.2 | K27: 138 | L27: =M27*1.4 -> 193.2 | M27: 138 | N27: =O27*1.4 -> 193.2 | O27: 138 | P27: 193.2 | Q27: 138 | R27: 193.2 | S27: 138 | T27: 193.2 | U27: 138 | V27: 193.2 | W27: 138 | Z27: =N27+X27-Y27 -> 193.2 | AA27: =Z27/1.4 -> 138 | AB27: 0
A28: 25 | B28: SETL-PB | C28: C- clamp (Nos) | D28: =E28*0.4 -> 1030.8 | E28: 2577 | F28: =G28*0.4 -> 1030.8 | G28: 2577 | H28: =I28*0.4 -> 1030.8 | I28: 2577 | J28: =K28*0.4 -> 722.8 | K28: 1807 | L28: =M28*0.4 -> 722.8 | M28: 1807 | N28: =O28*0.4 -> 722.8 | O28: 1807 | P28: 722.8 | Q28: 1807 | R28: 722.8 | S28: 1807 | T28: 722.8 | U28: 1807 | V28: 722.8 | W28: 1807 | Z28: =N28+X28-Y28 -> 722.8 | AA28: =Z28/0.4 -> 1807 | AB28: 0
A29: 26 | B29: SETL-PB | C29: Pikon (Nos) | D29: 0 | E29: 0 | F29: 0 | G29: 0 | H29: 0 | I29: 0 | J29: 0 | K29: 0 | L29: 0 | M29: 0 | N29: 0 | O29: 0 | P29: 0 | Q29: 0 | R29: 0 | S29: 0 | T29: 0 | U29: 0 | V29: 0 | W29: 0 | Z29: =N29+X29-Y29 -> 0 | AA29: =Z29/19 -> 0 | AB29: 0
A30: 27 | B30: SETL-PB | C30: Swivel clamp (Nos) | D30: =E30*0.6 -> 1465.8 | E30: 2443 | F30: =G30*0.6 -> 1465.8 | G30: 2443 | H30: =I30*0.6 -> 1465.8 | I30: 2443 | J30: =K30*0.6 -> 1393.8 | K30: 2323 | L30: =M30*0.6 -> 1393.8 | M30: 2323 | N30: =O30*0.6 -> 1393.8 | O30: 2323 | P30: 1393 | Q30: 2323 | R30: 1393 | S30: 2323 | T30: 1393 | U30: 2323 | V30: 1393 | W30: 2323 | Z30: =N30+X30-Y30 -> 1393.8 | AA30: =Z30/0.6 -> 2323 | AB30: 0
A31: 31 | B31: SETL-PB | C31: Tin (Nos) | D31: 0 | E31: 363 | F31: 0 | G31: 363 | H31: 0 | I31: 363 | K31: 363 | L31: 0 | M31: 363 | N31: 0 | O31: 363 | P31: 0 | Q31: 363 | R31: 0 | S31: 363 | T31: 0 | U31: 363 | V31: 0 | W31: 363 | Z31: =N31+X31-Y31 -> 0 | AA31: 363 | AB31: 0
D32: =D6+D7+D9+D10+D12+D13+D14+D16+D17+D18+D19+D20+D23+D27+D28+D30 -> 58760.04 | E32: =SUM(E4:E31) -> 7896 | F32: =F6+F7+F9+F10+F12+F13+F14+F16+F17+F18+F19+F20+F23+F27+F28+F30 -> 58760.04 | G32: =SUM(G4:G31) -> 7896 | H32: =H6+H7+H9+H10+H12+H13+H14+H16+H17+H18+H19+H20+H23+H27+H28+H30 -> 58760.04 | I32: =SUM(I4:I31) -> 7896 | J32: =J6+J7+J9+J10+J12+J13+J14+J16+J17+J18+J19+J20+J23+J27+J28+J30 -> 53571.44 | K32: =K6+K7+K9+K10+K12+K16+K27+K28+K30+K31 -> 7273 | L32: =L6+L7+L9+L10+L12+L13+L14+L16+L17+L18+L19+L20+L23+L27+L28+L30 -> 53571.04 | M32: =M6+M7+M9+M10+M12+M16+M17+M27+M28+M30+M31 -> 7274 | N32: =N6+N7+N9+N10+N12+N13+N14+N16+N17+N18+N19+N20+N23+N27+N28+N30 -> 53571.04 | P32: =P6+P7+P9+P10+P12+P13+P14+P16+P17+P18+P19+P20+P23+P28+P30+P27 -> 53571.04 | Q32: =SUM(Q4:Q31) -> 6801 | R32: =R6+R7+R9+R10+R12+R13+R14+R16+R17+R18+R19+R20+R23+R28+R30+R27 -> 53571.04 | S32: =SUM(S4:S31) -> 6801 | T32: =T6+T7+T9+T10+T12+T13+T14+T16+T17+T18+T19+T20+T23+T28+T30+T27 -> 53571.04 | U32: =SUM(U4:U31) -> 6801 | V32: =V6+V7+V9+V10+V12+V13+V14+V16+V17+V18+V19+V20+V23+V28+V30+V27 -> 53571.04 | W32: =SUM(W4:W31) -> 6801 | Z32: =N32+O32-X32 -> 53571.04 | AA32: =SUM(AA5:AA31) -> 6798.4825
C33: Blance--- | D33: =D4+D5+D8+D11 -> -25307.45 | F33: =F4+F5+F8+F11 -> -25307.45 | N33: =N4+N5+N8+N11 -> -30588.45 | P33: =P4+P5+P8+P11 -> -30588.45 | R33: =P33 -> -30588.45 | T33: =R33 -> -30588.45 | V33: =V4+V5+V8+V11 -> -30588.45 | Y33: No KG | Z33: =Z4+Z5+Z8+Z11 -> #VALUE!
C34: Site Stock Report Blance | D34: =SUM(D32:D33) -> 33452.59 | F34: =SUM(F32:F33) -> 33452.59 | N34: =SUM(N32:N33) -> 22982.59 | P34: =SUM(P32:P33) -> 22982.59 | R34: =SUM(R32:R33) -> 22982.59 | T34: =T32+T33 -> 22982.59 | V34: =SUM(V32:V33) -> 22982.59 | Z34: =SUM(Z32:Z33) -> #VALUE!

Sheet CCKL
A1: 20/11/2025 Opening Date
D2: Opening Date:23/10/25 | F2: Opening Date:30/10/25 | H2: Opening Date:20/11/25 | J2: Opening Date:25/12/25 | L2: Opening Date:01/01/26 | N2: Opening Date:15/01/26 | P2: Opening Date:29/01/26 | R2: Opening Date:05/02/26 | T2: Opening Date:12/02/26 | V2: Opening Date:26/02/26 | X2: All Week | Y2: All Week | Z2: Stock Cheek
A3: Si | B3: Project Name | C3: Matarials Name | D3: Opening QTY | E3: Opening nos | F3: Opening QTY | G3: Opening nos | H3: Opening QTY | I3: Opening nos | J3: Opening QTY | K3: Opening nos | L3: Opening QTY | M3: Opening nos | N3: Opening QTY | O3: Opening nos | P3: Opening QTY | Q3: Opening nos | R3: Opening QTY | S3: Opening nos | T3: Opening QTY | U3: Opening nos | V3: Opening QTY | W3: Opening nos | X3: Transfer In | Y3: Transfer Out | Z3: Blance | AA3: Nos | AB3: Whight Kg
A4: 1 | B4: CCKL | C4: Steel shutter - various size | D4: 60336.4 | E4: 0 | F4: 60336.4 | H4: =61437.4 -> 61437.4 | I4: 0 | J4: 63380.4 | K4: 0 | L4: 63380.4 | M4: 0 | N4: 63380.4 | O4: 0 | P4: 63380.4 | Q4: 0 | R4: 63180.4 | S4: 0 | T4: 62680.4 | V4: 59366.4 | W4: 0 | Y4: =T4-V4 -> 3314 | Z4: =N4+X4-Y4 -> 60066.4 | AA4: =O4 -> 0
A5: 2 | B5: CCKL | C5: Steel props | D5: 53469 | E5: 2782 | F5: 53469 | G5: 2782 | H5: 53469 | I5: 2782 | J5: 53469 | K5: 2782 | L5: 53469 | M5: 2782 | N5: 52643 | O5: 2733 | P5: 52643 | Q5: 2733 | R5: 51683 | S5: 2688 | T5: 51451 | U5: 2685 | V5: 47898 | W5: 2498 | X5: =-105=problem -> #NAME? | Y5: =T5-V5 -> 3553 | Z5: =N5+X5-Y5 -> #NAME? | AA5: =O5 -> 2733 | AB5: =Z5/AA5 -> #NAME?
A6: 3 | B6: CCKL | C6: Scaffolding long | D6: 23643 | E6: 639 | F6: 23643 | G6: 639 | H6: 23643 | I6: 639 | J6: 23643 | K6: 639 | L6: 23643 | M6: 639 | N6: 23421 | O6: 633 | P6: 23421 | Q6: 633 | R6: 23310 | S6: 630 | T6: 23273 | U6: 629 | V6: 15355 | W6: 415 | Y6: =T6-V6 -> 7918 | Z6: =N6+X6-Y6 -> 15503 | AA6: =O6 -> 633 | AB6: =Z6/AA6 -> 24.491311
A7: 4 | B7: CCKL | C7: Scaffoding short | D7: 255 | E7: 15 | F7: 255 | G7: 15 | H7: 255 | I7: 15 | J7: 255 | K7: 15 | L7: 255 | M7: 15 | N7: -68 | O7: -4 | P7: -68 | Q7: -4 | R7: 0 | S7: 0 | T7: 0 | U7: 0 | V7: 0 | W7: 0 | Y7: =T7-V7 -> 0 | Z7: =N7+X7-Y7 -> -68 | AA7: =O7 -> -4 | AB7: =Z7/AA7 -> 17
A8: 5 | B8: CCKL | C8: Cross bar | D8: 9510 | E8: 1902 | F8: 9510 | G8: 1902 | H8: 9510 | I8: 1902 | J8: 9510 | K8: 1902 | L8: 9510 | M8: 1902 | N8: 9510 | O8: 1902 | P8: 9510 | Q8: 1902 | R8: 9510 | S8: 1902 | T8: 9360 | U8: 1872 | V8: 7635 | W8: 1527 | Y8: =T8-V8 -> 1725 | Z8: =N8+X8-Y8 -> 7785 | AA8: =O8 -> 1902 | AB8: =Z8/AA8 -> 4.0930599
A9: 6 | B9: CCKL | C9: Joint pin | D9: 1056.6 | E9: 1761 | F9: 1056.6 | G9: 1761 | H9: 1056.6 | I9: 1761 | J9: 1056.6 | K9: 1761 | L9: 1056.6 | M9: 1761 | N9: 1056.6 | O9: 1761 | P9: 1056.6 | Q9: 1761 | R9: 1056.6 | S9: 1761 | T9: 876 | U9: 1461 | V9: 858 | W9: 1431 | Y9: =T9-V9 -> 18 | Z9: =N9+X9-Y9 -> 1038.6 | AA9: =O9 -> 1761 | AB9: =Z9/AA9 -> 0.58977853
A10: 7 | B10: CCKL | C10: Adjustable Base Jack | D10: 480 | E10: 96 | F10: 480 | G10: 96 | H10: 480 | I10: 96 | J10: 480 | K10: 96 | L10: 480 | M10: 96 | N10: 480 | O10: 96 | P10: 480 | Q10: 96 | R10: 480 | S10: 96 | T10: 355 | U10: 71 | V10: 300 | W10: 60 | Y10: =T10-V10 -> 55 | Z10: =N10+X10-Y10 -> 425 | AA10: =O10 -> 96 | AB10: =Z10/AA10 -> 4.4270833
A11: 8 | B11: CCKL | C11: U head | D11: 10725 | E11: 2145 | F11: 10725 | G11: 2145 | H11: 11225 | I11: 2245 | J11: 11625 | K11: 2325 | L11: 11625 | M11: 2325 | N11: 11625 | O11: 2325 | P11: 11625 | Q11: 2325 | R11: 11620 | S11: 2324 | T11: 11155 | U11: 2231 | V11: 10145 | W11: 2029 | Y11: =T11-V11 -> 1010 | Z11: =N11+X11-Y11 -> 10615 | AA11: =O11 -> 2325 | AB11: =Z11/AA11 -> 4.5655914
A12: 9 | B12: CCKL | C12: Base plate | D12: 1002.4 | E12: 1253 | F12: 1002.4 | G12: 1253 | H12: 1002.4 | I12: 1253 | J12: 1002 | K12: 1253 | L12: 1002.4 | M12: 1253 | N12: 1002.4 | O12: 1253 | P12: 1002.4 | Q12: 1253 | R12: 1002.4 | S12: 1253 | T12: 998 | U12: 1248 | V12: 982 | W12: 1228 | Y12: =T12-V12 -> 16 | Z12: =N12+X12-Y12 -> 986.4 | AA12: =O12 -> 1253 | AB12: =Z12/AA12 -> 0.78723065
A13: 10 | B13: CCKL | C13: MS angle 1.5"*1.5" | D13: 8336 | E13: 0 | F13: 8336 | G13: 0 | H13: 8336 | I13: 0 | J13: 8336 | K13: 0 | L13: 8336 | M13: 0 | N13: 8336 | O13: 0 | P13: 8336 | Q13: 0 | R13: 8336 | S13: 0 | T13: 8336 | U13: 0 | V13: 8336 | W13: 0 | Y13: =T13-V13 -> 0 | Z13: =N13+X13-Y13 -> 8336 | AA13: =O13 -> 0 | AB13: 0
A14: 11 | B14: CCKL | C14: MS angle 2"*2" | D14: 8558 | E14: 0 | F14: 8558 | G14: 0 | H14: 8558 | I14: 0 | J14: 8558 | K14: 0 | L14: 8558 | M14: 0 | N14: 8558 | O14: 0 | P14: 8558 | Q14: 0 | R14: 8468 | S14: 0 | T14: 8168 | U14: 0 | V14: 7646 | W14: 0 | Y14: =T14-V14 -> 522 | Z14: =N14+X14-Y14 -> 8036 | AA14: =O14 -> 0 | AB14: 0
A15: 12 | B15: CCKL | C15: I-joist | D15: 0 | E15: 0 | F15: 0 | G15: 0 | H15: 0 | I15: 0 | J15: 0 | K15: 0 | L15: 0 | M15: 0 | N15: 0 | O15: 0 | P15: 0 | Q15: 0 | R15: 0 | S15: 0 | T15: 0 | U15: 0 | V15: 0 | W15: 0 | Y15: =T15-V15 -> 0 | Z15: =N15+X15-Y15 -> 0 | AA15: =O15 -> 0 | AB15: 0
A16: 13 | B16: CCKL | C16: Ms.sheet | D16: 20577 | E16: 1146 | F16: 20577 | G16: 1146 | H16: 20577 | I16: 1146 | J16: 20679 | K16: 1152 | L16: 20679 | M16: 1152 | N16: 20679 | O16: 1152 | P16: 20679 | Q16: 1152 | R16: 20679 | S16: 1152 | T16: 20628 | U16: 1149 | V16: 20628 | W16: 1149 | Y16: =T16-V16 -> 0 | Z16: =N16+X16-Y16 -> 20679 | AA16: =O16 -> 1152 | AB16: =Z16/AA16 -> 17.950521
A17: 14 | B17: CCKL | C17: Shutter Grill | D17: 0 | E17: 0 | F17: 0 | G17: 0 | H17: 0 | I17: 0 | J17: 0 | K17: 0 | L17: 0 | M17: 0 | N17: 0 | O17: 0 | P17: 0 | Q17: 0 | R17: 0 | S17: 0 | T17: 0 | U17: 0 | V17: 0 | W17: 0 | Y17: =T17-V17 -> 0 | Z17: =N17+X17-Y17 -> 0 | AA17: =O17 -> 0 | AB17: 0
A18: 15 | B18: CCKL | C18: Hollow box 1.5" x 1.5" | D18: 0 | E18: 0 | F18: 0 | G18: 0 | H18: 42645 | I18: 0 | J18: 42657 | K18: 0 | L18: 42657 | M18: 0 | N18: 42657 | O18: 0 | P18: 42657 | Q18: 0 | R18: 42307 | S18: 0 | T18: 40848 | U18: 0 | V18: 38268 | W18: 0 | Y18: =T18-V18 -> 2580 | Z18: =N18+X18-Y18 -> 40077 | AA18: =O18 -> 0 | AB18: 0
A19: 16 | B19: CCKL | C19: Hollow box 3" x 3" | D19: 42645 | E19: 0 | F19: 42645 | G19: 0 | H19: 22089 | I19: 0 | J19: 22706 | K19: 0 | L19: 22706 | M19: 0 | N19: 21727 | O19: 0 | P19: 21727 | Q19: 0 | R19: 19298 | S19: 0 | T19: 18898 | U19: 0 | V19: 18018 | W19: 0 | Y19: =T19-V19 -> 880 | Z19: =N19+X19-Y19 -> 20847 | AA19: =O19 -> 0 | AB19: 0
A20: 17 | B20: CCKL | C20: MS pipe 1.5" | D20: 21459 | E20: 0 | F20: 21459 | G20: 0 | H20: 0 | I20: 0 | J20: 0 | K20: 0 | L20: 0 | M20: 0 | N20: 0 | O20: 0 | P20: 0 | Q20: 0 | R20: 0 | S20: 0 | T20: 0 | U20: 0 | V20: 0 | W20: 0 | Y20: =T20-V20 -> 0 | Z20: =N20+X20-Y20 -> 0 | AA20: =O20 -> 0 | AB20: 0
A21: 18 | B21: CCKL | C21: MS pipe 1.75” | D21: 11900 | E21: 0 | F21: 11900 | G21: 0 | H21: 12468 | I21: 0 | J21: 12878 | K21: 0 | L21: 12878 | M21: 0 | N21: 12878 | O21: 0 | P21: 12878 | Q21: 0 | R21: 12558 | S21: 0 | T21: 12358 | U21: 0 | V21: 12358 | W21: 0 | Y21: =T21-V21 -> 0 | Z21: =N21+X21-Y21 -> 12878 | AA21: =O21 -> 0 | AB21: 0
A22: 19 | B22: CCKL | C22: MS pipe 3" | D22: 0 | E22: 0 | F22: 0 | G22: 0 | H22: 470 | I22: 0 | J22: 470 | K22: 0 | L22: 470 | M22: 0 | N22: 470 | O22: 0 | P22: 470 | Q22: 0 | R22: 470 | S22: 0 | T22: 470 | U22: 0 | V22: 470 | W22: 0 | Y22: =T22-V22 -> 0 | Z22: =N22+X22-Y22 -> 470 | AA22: =O22 -> 0 | AB22: 0
A23: 20 | B23: CCKL | C23: MS pipe 2.5" | D23: 470 | E23: 0 | F23: 470 | G23: 0 | H23: 0 | I23: 0 | J23: 0 | K23: 0 | L23: 0 | M23: 0 | N23: 0 | O23: 0 | P23: 0 | Q23: 0 | R23: 0 | S23: 0 | T23: 0 | U23: 0 | V23: 0 | W23: 0 | Y23: =T23-V23 -> 0 | Z23: =N23+X23-Y23 -> 0 | AA23: =O23 -> 0 | AB23: 0
A24: 21 | B24: CCKL | C24: Thread Rod | D24: 0 | E24: 0 | F24: 0 | G24: 0 | H24: 0 | I24: 0 | J24: 0 | K24: 0 | L24: 0 | M24: 0 | N24: 0 | O24: 0 | P24: 0 | Q24: 0 | R24: 0 | S24: 0 | T24: 0 | U24: 0 | V24: 0 | W24: 0 | Y24: =T24-V24 -> 0 | Z24: =N24+X24-Y24 -> 0 | AA24: =O24 -> 0 | AB24: 0
A25: 22 | B25: CCKL | C25: Nut, Bolt & Washer | D25: 2622 | E25: 0 | F25: 2622 | G25: 0 | H25: 2622 | I25: 0 | J25: 2622 | K25: 0 | L25: 2622 | M25: 0 | N25: 2622 | O25: 0 | P25: 2622 | Q25: 0 | R25: 2622 | S25: 0 | T25: 2622 | U25: 0 | V25: 2602 | W25: 0 | Y25: =T25-V25 -> 20 | Z25: =N25+X25-Y25 -> 2602 | AA25: =O25 -> 0 | AB25: 0
A26: 23 | B26: CCKL | C26: T bolt (Nos) | D26: 0 | E26: 0 | F26: 0 | G26: 0 | H26: 0 | I26: 0 | J26: 0 | K26: 0 | L26: 0 | M26: 0 | N26: 0 | O26: 0 | P26: 0 | Q26: 0 | R26: 0 | S26: 0 | T26: 0 | U26: 0 | V26: 0 | W26: 0 | Y26: =T26-V26 -> 0 | Z26: =N26+X26-Y26 -> 0 | AA26: =O26 -> 0 | AB26: 0
A27: 24 | B27: CCKL | C27: Trun bolt (Nos) | D27: =E27*1.4 -> 315 | E27: 225 | F27: =G27*1.4 -> 315 | G27: 225 | H27: 303.75 | I27: 225 | J27: 303.75 | K27: 225 | L27: 303.75 | M27: 225 | N27: 303.75 | O27: 225 | P27: 303.75 | Q27: 225 | R27: 303.75 | S27: 225 | T27: 297 | U27: 225 | V27: 297 | W27: 225 | Y27: =T27-V27 -> 0 | Z27: =N27+X27-Y27 -> 303.75 | AA27: =O27 -> 225 | AB27: 0
A28: 25 | B28: CCKL | C28: C- clamp (Nos) | D28: 0 | E28: 0 | F28: 0 | G28: 0 | H28: 0 | I28: 0 | J28: 0 | K28: 0 | L28: 0 | M28: 0 | N28: 0 | O28: 0 | P28: 0 | Q28: 0 | R28: 0 | S28: 0 | T28: 0 | U28: 0 | V28: 0 | W28: 0 | Y28: =T28-V28 -> 0 | Z28: =N28+X28-Y28 -> 0 | AA28: =O28 -> 0 | AB28: 0
A29: 26 | B29: CCKL | C29: Pikon (Nos) | D29: 0 | E29: 0 | F29: 0 | G29: 0 | H29: 0 | I29: 0 | J29: 0 | K29: 0 | L29: 0 | M29: 0 | N29: 0 | O29: 0 | P29: 0 | Q29: 0 | R29: 0 | S29: 0 | T29: 0 | U29: 0 | V29: 0 | W29: 0 | Y29: =T29-V29 -> 0 | Z29: =N29+X29-Y29 -> 0 | AA29: =O29 -> 0 | AB29: 0
A30: 27 | B30: CCKL | C30: Swivel clamp (Nos) | D30: =E30*0.6 -> 1767.6 | E30: 2946 | F30: =G30*0.6 -> 1767.6 | G30: 2946 | H30: 2168 | I30: 3336 | J30: 2168.4 | K30: 3336 | L30: 2168.4 | M30: 3336 | N30: 2168.4 | O30: 3336 | P30: 2168.4 | Q30: 3336 | R30: 2139.15 | S30: 3291 | T30: 1973 | U30: 3036 | V30: 1749.15 | W30: 2691 | Y30: =T30-V30 -> 223.85 | Z30: =N30+X30-Y30 -> 1944.55 | AA30: =O30 -> 3336 | AB30: 0
A31: 31 | B31: CCKL | C31: Tin (Nos) | D31: 0 | E31: 1907 | F31: 0 | G31: 1907 | H31: 0 | I31: 1907 | J31: 0 | K31: 1907 | L31: 0 | M31: 1907 | N31: 0 | O31: 1907 | P31: 0 | Q31: 1907 | R31: 0 | S31: 1907 | T31: 0 | U31: 1907 | W31: 1907 | Y31: =T31-V31 -> 0 | Z31: =N31+X31-Y31 -> 0 | AA31: =O31 -> 1907 | AB31: 0
D32: =SUM(D4:D31) -> 279127 | E32: =SUM(E4:E31) -> 16817 | F32: =SUM(F4:F31) -> 279127 | G32: =SUM(G4:G31) -> 16817 | H32: =SUM(H4:H31) -> 282315.15 | I32: =SUM(I4:I31) -> 17307 | J32: =SUM(J4:J31) -> 285799.15 | K32: =SUM(K4:K31) -> 17393 | ... O32: =SUM(O4:O31) -> 17319 | P32: =P4+P5+P6+P8+P9+P10+P11+P12+P13+P14+P16+P18+P19+P21+P22+P25+P27+P30 -> 283517.55 | R32: =SUM(R4:R31) -> 279023.3 | S32: =SUM(S4:S31) -> 17229 | T32: =SUM(T4:T31) -> 274746.4 | U32: =SUM(U5:U31) -> 16514 | V32: =SUM(V4:V31) -> 252911.55 | Z32: =SUM(Z4:Z31) -> #NAME? | AA32: =SUM(AA5:AA31) -> 17319
F33: ok | G33: ok | P33: 279023.3 | T33: =R32-T32 -> 4276.9 | X33: No KG
P34: =P32-P33 -> 4494.25 | T34: ok
P35: 4390
P36: =P34-P35 -> 104.25

Sheet STL-AB
A1: 20/11/2025 Opening Date
D2: Opening Date:23/10/25 | F2: Opening Date:30/10/25 | H2: Opening Date:20/11/25 | J2: Opening Date:25/12/25 | L2: Opening Date:01/01/26 | N2: Opening Date:15/01/26 | P2: Opening Date:29/01/26 | R2: Opening Date:05/02/26 | T2: Opening Date:12/02/26 | V2: Opening Date:26/02/26 | X2: All Week | Y2: All Week | Z2: Stock Cheek
A3: Si | B3: Project Name | C3: Matarials Name | D3: Opening QTY | E3: Opening nos | F3: Opening QTY | G3: Opening nos | H3: Opening QTY | I3: Opening nos | J3: Opening QTY | K3: Opening nos | L3: Opening QTY | M3: Opening nos | N3: Opening QTY | O3: Opening nos | P3: Opening QTY | Q3: Opening nos | R3: Opening QTY | S3: Opening nos | T3: Opening QTY | U3: Opening nos | V3: Opening QTY | W3: Opening nos | X3: Transfer In | Y3: Transfer Out | AA3: Nos | AB3: Whight Kg
A4: 1 | B4: STL-AB | C4: Steel shutter - various size | D4: 19151 | E4: 0 | F4: 20251 | G4: 0 | H4: 21431 | I4: 0 | J4: 19331 | K4: 0 | L4: 19331 | M4: 0 | N4: 21970 | O4: 0 | P4: 21970 | Q4: 0 | R4: 21970 | S4: 0 | T4: 21970 | U4: 0 | V4: 22105 | X4: ok | Y4: ok | AA4: =O4 -> 0
A5: 2 | B5: STL-AB | C5: Steel props | D5: 9171 | E5: 550 | F5: 9171 | G5: 550 | H5: 16866 | I5: 955 | J5: 14915 | K5: 785 | L5: 14915 | M5: 785 | N5: 13970 | O5: 735 | P5: 14050 | Q5: 735 | R5: 14050 | S5: 735 | T5: 14050 | U5: 735 | V5: 13088 | W5: 684 | X5: 0 | Z5: 19.01.26 Stl-Ub | AA5: =O5 -> 735 | AB5: =Z5/AA5 -> #VALUE!
A6: 3 | B6: STL-AB | C6: Scaffolding long | D6: 5698 | E6: 154 | F6: 8917 | G6: 241 | H6: 9953 | I6: 269 | J6: 9324 | K6: 252 | L6: 9324 | M6: 252 | N6: 9250 | O6: 250 | P6: 9435 | Q6: 255 | R6: 9435 | S6: 255 | T6: 9435 | U6: 255 | V6: 9435 | W6: 255 | X6: 0 | Z6: 19.01.26 Stl-Ub | AA6: =O6 -> 250 | AB6: =Z6/AA6 -> #VALUE!
A7: 4 | B7: STL-AB | C7: Scaffoding short | D7: 255 | E7: 15 | F7: 255 | G7: 15 | H7: 255 | I7: 15 | J7: 255 | K7: 15 | L7: 255 | M7: 15 | N7: 119 | O7: 7 | P7: 119 | Q7: 7 | R7: 119 | S7: 7 | T7: 119 | U7: 7 | V7: 119 | W7: 7 | X7: 0 | AA7: =O7 -> 7 | AB7: =Z7/AA7 -> 0
A8: 5 | B8: STL-AB | C8: Cross bar | D8: 1675 | E8: 335 | F8: 3045 | G8: 609 | H8: 3275 | I8: 655 | J8: 3045 | K8: 609 | L8: 3045 | M8: 609 | N8: 3240 | O8: 648 | P8: 3280 | Q8: 656 | R8: 3280 | S8: 656 | T8: 3280 | U8: 656 | V8: 3280 | W8: 656 | X8: 0 | Z8: 19.01.26 Stl-Ub | AA8: =O8 -> 648 | AB8: =Z8/AA8 -> #VALUE!
A9: 6 | B9: STL-AB | C9: Joint pin | D9: 334.8 | E9: 558 | F9: 670.8 | G9: 1118 | H9: 727.8 | I9: 1213 | J9: 718.8 | K9: 1198 | L9: 718.8 | M9: 1198 | N9: 710.4 | O9: 1184 | P9: 710.4 | Q9: 1184 | R9: 710.4 | S9: 1184 | T9: 710.4 | U9: 1184 | V9: 710.4 | W9: 1184 | X9: 0 | AA9: =O9 -> 1184 | AB9: =Z9/AA9 -> 0
A10: 7 | B10: STL-AB | C10: Adjustable Base Jack | D10: 1400 | E10: 280 | F10: 1400 | G10: 280 | H10: 1400 | I10: 280 | J10: 910 | K10: 182 | L10: 910 | M10: 182 | N10: 735 | O10: 147 | P10: 780 | Q10: 156 | R10: 780 | S10: 156 | T10: 780 | U10: 156 | V10: 745 | W10: 149 | X10: 0 | Z10: 19.01.26 Stl-Ub | AA10: =O10 -> 147 | AB10: =Z10/AA10 -> #VALUE!
A11: 8 | B11: STL-AB | C11: U head | D11: 3450 | E11: 690 | F11: 3450 | G11: 690 | H11: 3450 | I11: 690 | J11: 2930 | K11: 586 | L11: 2930 | M11: 586 | N11: 2830 | O11: 566 | P11: 2835 | Q11: 567 | R11: 2835 | S11: 567 | T11: 2835 | U11: 567 | V11: 2815 | W11: 563 | X11: 0 | Z11: 19.01.26 Stl-Ub | AA11: =O11 -> 566 | AB11: =Z11/AA11 -> #VALUE!
A12: 9 | B12: STL-AB | C12: Base plate | D12: 230.4 | E12: 288 | F12: 231.2 | G12: 289 | H12: 232 | I12: 290 | J12: 350.4 | K12: 438 | L12: 350.4 | M12: 438 | N12: 349.6 | O12: 437 | P12: 349.6 | Q12: 437 | R12: 349.6 | S12: 437 | T12: 349.6 | U12: 437 | V12: 349.6 | W12: 437 | X12: 0 | AA12: =O12 -> 437 | AB12: =Z12/AA12 -> 0
A13: 10 | B13: STL-AB | C13: MS angle 1.5"*1.5" | D13: 0 | E13: 0 | F13: 0 | G13: 0 | H13: 0 | I13: 0 | J13: 2114 | K13: 0 | L13: 2114 | M13: 0 | N13: 2089 | O13: 0 | P13: 2319 | Q13: 0 | R13: 2319 | S13: 0 | T13: 2319 | U13: 0 | V13: 4355 | W13: 0 | X13: 0 | Z13: 19.01.26 Stl-Ub | AA13: =O13 -> 0 | AB13: 0
A14: 11 | B14: STL-AB | C14: MS angle 2"*2" | D14: 1974 | E14: 0 | F14: 2436 | G14: 0 | H14: 2812 | I14: 0 | J14: 3417 | K14: 0 | L14: 3417 | M14: 0 | N14: 3342 | O14: 0 | P14: 3342 | Q14: 0 | R14: 3342 | S14: 0 | T14: 3342 | U14: 0 | V14: 3108 | W14: 0 | X14: 0 | AA14: =O14 -> 0 | AB14: 0
A15: 12 | B15: STL-AB | C15: I-joist | D15: 0 | E15: 0 | F15: 0 | G15: 0 | H15: 0 | I15: 0 | J15: 0 | K15: 0 | L15: 0 | M15: 0 | N15: 0 | O15: 0 | P15: 0 | Q15: 0 | R15: 0 | S15: 0 | T15: 0 | U15: 0 | V15: 0 | W15: 0 | X15: 0 | AA15: =O15 -> 0 | AB15: 0
A16: 13 | B16: STL-AB | C16: Ms.sheet | D16: 3136 | E16: 196 | F16: 3136 | G16: 196 | H16: 6756 | I16: 427 | J16: 7011 | K16: 442 | L16: 7011 | M16: 442 | N16: 6975 | O16: 440 | P16: 6975 | Q16: 440 | R16: 6975 | S16: 440 | T16: 6975 | U16: 440 | V16: 6975 | W16: 440 | X16: 0 | AA16: =O16 -> 440 | AB16: =Z16/AA16 -> 0
A17: 14 | B17: STL-AB | C17: Shutter Grill | D17: 0 | E17: 0 | F17: 0 | G17: 0 | H17: 0 | I17: 0 | J17: 0 | K17: 0 | L17: 0 | M17: 0 | N17: 0 | O17: 0 | P17: 0 | Q17: 0 | R17: 0 | S17: 0 | T17: 0 | U17: 0 | V17: 0 | W17: 0 | X17: 0 | AA17: =O17 -> 0 | AB17: 0
A18: 15 | B18: STL-AB | C18: Hollow box 1.5" x 1.5" | D18: 7492 | E18: 0 | F18: 7492 | G18: 0 | H18: 13792 | I18: 0 | J18: 14270 | K18: 0 | L18: 14270 | M18: 0 | N18: 14090 | O18: 0 | P18: 14165 | Q18: 0 | R18: 14165 | S18: 0 | T18: 14165 | U18: 0 | V18: 13560 | W18: 0 | X18: 0 | Z18: 19.01.26 Stl-Ub | AA18: =O18 -> 0 | AB18: 0
A19: 16 | B19: STL-AB | C19: Hollow box 3" x 3" | D19: 5863 | E19: 0 | F19: 7465 | G19: 0 | H19: 9065 | I19: 0 | J19: 7925 | K19: 0 | L19: 7925 | M19: 0 | N19: 7225 | O19: 0 | P19: 7225 | Q19: 0 | R19: 7225 | S19: 0 | T19: 7225 | U19: 0 | V19: 7129 | W19: 0 | X19: 0 | AA19: =O19 -> 0 | AB19: 0
A20: 17 | B20: STL-AB | C20: MS pipe 1.5" | D20: 0 | E20: 0 | F20: 0 | G20: 0 | H20: 0 | I20: 0 | J20: 0 | K20: 0 | L20: 0 | M20: 0 | N20: 0 | O20: 0 | P20: 0 | Q20: 0 | R20: 0 | S20: 0 | T20: 0 | U20: 0 | V20: 0 | W20: 0 | X20: 0 | AA20: =O20 -> 0 | AB20: 0
A21: 18 | B21: STL-AB | C21: MS pipe 1.75” | D21: 3335 | E21: 0 | F21: 3335 | G21: 0 | H21: 3685 | I21: 0 | J21: 5245 | K21: 0 | L21: 5245 | M21: 0 | N21: 5095 | O21: 0 | P21: 5120 | Q21: 0 | R21: 5120 | S21: 0 | T21: 5120 | U21: 0 | V21: 5110 | W21: 0 | X21: 0 | Z21: 19.01.26 Stl-Ub | AA21: =O21 -> 0 | AB21: 0
A22: 19 | B22: STL-AB | C22: MS pipe 2" | D22: 0 | E22: 0 | F22: 0 | G22: 0 | H22: 0 | I22: 0 | J22: 0 | K22: 0 | L22: 0 | M22: 0 | N22: 0 | O22: 0 | P22: 0 | Q22: 0 | R22: 0 | S22: 0 | T22: 0 | U22: 0 | V22: 0 | W22: 0 | X22: 0 | AA22: =O22 -> 0 | AB22: 0
A23: 20 | B23: STL-AB | C23: MS pipe 2.5" | D23: 0 | E23: 0 | F23: 0 | G23: 0 | H23: 80 | I23: 0 | J23: 0 | K23: 0 | L23: 0 | M23: 0 | N23: 0 | O23: 0 | P23: 0 | Q23: 0 | R23: 0 | S23: 0 | T23: 0 | U23: 0 | V23: 0 | W23: 0 | X23: 0 | AA23: =O23 -> 0 | AB23: 0
A24: 21 | B24: STL-AB | C24: Thread Rod | D24: 80 | E24: 0 | F24: 80 | G24: 0 | H24: 0 | I24: 0 | J24: 80 | K24: 0 | L24: 80 | M24: 0 | N24: 80 | O24: 0 | P24: 30 | Q24: 0 | R24: 30 | S24: 0 | T24: 30 | U24: 0 | V24: 30 | W24: 0 | X24: 0 | Y24: 50kg problem | AA24: =O24 -> 0 | AB24: 0
A25: 22 | B25: STL-AB | C25: Nut, Bolt & Washer | D25: =280+18 -> 298 | E25: 0 | F25: 298 | G25: 0 | H25: 433 | I25: 0 | J25: 433 | K25: 0 | L25: 433 | M25: 0 | N25: 443 | O25: 0 | P25: 443 | Q25: 0 | R25: 443 | S25: 0 | T25: 443 | U25: 0 | V25: 443 | W25: 0 | X25: 0 | AA25: =O25 -> 0 | AB25: 0
A26: 23 | B26: STL-AB | C26: T bolt (Nos) | D26: 0 | E26: 0 | F26: 0 | G26: 0 | H26: 0 | I26: 0 | K26: 0 | L26: 0 | M26: 0 | N26: 0 | O26: 0 | P26: 0 | Q26: 0 | R26: 0 | S26: 0 | T26: 0 | U26: 0 | V26: 0 | W26: 0 | X26: 0 | AA26: =O26 -> 0 | AB26: 0
A27: 24 | B27: STL-AB | C27: Trun bolt (Nos) | D27: =E27*1.4 -> 196 | E27: 140 | F27: =G27*1.4 -> 196 | G27: 140 | H27: 196 | I27: 140 | J27: =K27*1.4 -> 161 | K27: 115 | L27: =M27*1.4 -> 196 | M27: 140 | N27: 196 | O27: 140 | P27: 196 | Q27: 140 | R27: 196 | S27: 140 | T27: 196 | U27: 140 | V27: 196 | W27: 140 | X27: 0 | AA27: =O27 -> 140 | AB27: 0
A28: 25 | B28: STL-AB | C28: C- clamp (Nos) | D28: =E28*0.4 -> 60 | E28: 150 | F28: =G28*0.4 -> 60 | G28: 150 | H28: 60 | I28: 150 | J28: =K28*0.4 -> 60 | K28: 150 | L28: =M28*0.4 -> 60 | M28: 150 | N28: 60 | O28: 150 | P28: 60 | Q28: 150 | R28: 60 | S28: 150 | T28: 60 | U28: 150 | V28: 60 | W28: 150 | X28: 0 | AA28: =O28 -> 150 | AB28: 0
A29: 26 | B29: STL-AB | C29: Pikon (Nos) | D29: 0 | E29: 400 | F29: 0 | G29: 400 | H29: 0 | I29: 400 | K29: 400 | L29: 0 | M29: 400 | N29: 0 | O29: 700 | P29: 0 | Q29: 700 | R29: 0 | S29: 700 | T29: 0 | U29: 700 | V29: 0 | W29: 700 | X29: 0 | AA29: =O29 -> 700 | AB29: 0
A30: 27 | B30: STL-AB | C30: Swivel clamp (Nos) | D30: 546 | E30: 910 | F30: =G30*0.6 -> 546 | G30: 910 | H30: 546 | I30: 910 | J30: =K30*0.6 -> 666.6 | K30: 1111 | L30: =M30*0.6 -> 666.72 | M30: 1111.2 | N30: 667.2 | O30: 1112 | P30: 667.2 | Q30: 1112 | R30: 667.2 | S30: 1112 | T30: 667.2 | U30: 1112 | V30: 667.2 | W30: 1112 | X30: 0 | AA30: =O30 -> 1112 | AB30: 0
A31: 31 | B31: STL-AB | C31: Tin (Nos) | D31: 0 | E31: 60 | F31: 0 | G31: 60 | H31: 0 | I31: 60 | K31: 310 | L31: 0 | M31: 310 | N31: 0 | O31: 310 | P31: 0 | Q31: 310 | R31: 0 | S31: 310 | T31: 0 | U31: 310 | V31: 0 | W31: 0 | X31: 0 | AA31: =O31 -> 310 | AB31: 0
C32: Total | D32: =SUM(D4:D31) -> 64345.2 | E32: =SUM(E4:E31) -> 4726 | F32: =SUM(F4:F30) -> 72435 | G32: =SUM(G4:G31) -> 5648 | H32: =SUM(H4:H31) -> 95014.8 | I32: =SUM(I4:I31) -> 6454 | J32: =SUM(J4:J31) -> 93161.8 | K32: =SUM(K4:K31) -> 6593 | L32: =SUM(L4:L31) -> 93196.92 | M32: =SUM(M4:M31) -> 6618.2 | N32: =SUM(N4:N31) -> 93436.2 | ... V32: =SUM(V4:V31) -> 94280.2 | W32: =SUM(W5:W31) -> 6477 | X32: =SUM(X4:X31) -> 0 | Z32: 0k | AA32: =SUM(AA4:AA31) -> 6826
P33: ok

Sheet STL-PB
A1: 20/11/2025 Opening Date
D2: Opening Date:23/10/25 | F2: Opening Date:30/10/25 | H2: Opening Date:20/11/25 | J2: Opening Date:01/01/26 | L2: Opening Date:15/01/26 | N2: Opening Date:29/01/26 | P2: Opening Date:05/02/26 | R2: Opening Date:12/02/26 | T2: Opening Date:26/02/26 | V2: All Week | W2: All Week | X2: Stock Cheek
A3: Si | B3: Project Name | C3: Matarials Name | D3: Opening QTY | E3: Opening nos | F3: Opening QTY | G3: Opening nos | H3: Opening QTY | I3: Opening nos | J3: Opening QTY | K3: Opening nos | L3: Opening QTY | M3: Opening nos | N3: Opening QTY | O3: Opening nos | P3: Opening QTY | Q3: Opening nos | R3: Opening QTY | S3: Opening nos | T3: Opening QTY | U3: Opening nos | V3: Transfer In | W3: Transfer Out | X3: Blance | Y3: Nos | Z3: Whight Kg
A4: 1 | B4: STL-PB | C4: Steel shutter - various size | D4: -1147.96 | E4: 0 | F4: -1147.96 | G4: 0 | H4: -1147.96 | I4: 0 | J4: -1147.96 | K4: 0 | L4: -1147.96 | M4: 0 | N4: -1147.96 | O4: =L4-N4 -> 0 | P4: -1147.96 | Q4: =N4-P4 -> 0 | R4: -1147.96 | S4: =P4-R4 -> 0 | T4: -1147.96 | U4: =R4-T4 -> 0 | X4: =(H4+V4)-W4 -> -1147.96
A5: 2 | B5: STL-PB | C5: Steel props | D5: -103.8 | E5: 0 | F5: -103.8 | G5: 0 | H5: -103.8 | I5: 0 | J5: -103.8 | K5: 0 | L5: -103.8 | M5: 0 | N5: -23.8 | O5: =L5-N5 -> -80 | P5: -23.8 | Q5: =N5-P5 -> 0 | R5: -23.8 | S5: =P5-R5 -> 0 | T5: -23.8 | U5: =R5-T5 -> 0 | X5: =(H5+V5)-W5 -> -103.8 | Y5: =X5/19 -> -5.4631579 | Z5: =X5/Y5 -> 19
A6: 3 | B6: STL-PB | C6: Scaffolding long | D6: 2460.5 | E6: 66.5 | F6: 2460.5 | G6: 66.5 | H6: 2460.5 | I6: 66.5 | J6: 2460.5 | K6: 66.5 | L6: 2460.5 | M6: 66.5 | N6: 2460.5 | O6: =L6-N6 -> 0 | P6: 2460.5 | Q6: =N6-P6 -> 0 | R6: 2460.5 | S6: =P6-R6 -> 0 | T6: 2460.5 | U6: =R6-T6 -> 0 | X6: =(H6+V6)-W6 -> 2460.5 | Y6: =X6/37 -> 66.5 | Z6: =X6/Y6 -> 37
A7: 4 | B7: STL-PB | C7: Scaffoding short | D7: 0 | E7: 0 | F7: 0 | G7: 0 | H7: 0 | I7: 0 | J7: 0 | K7: 0 | L7: 0 | M7: 0 | N7: 0 | O7: =L7-N7 -> 0 | P7: 0 | Q7: =N7-P7 -> 0 | R7: 0 | S7: =P7-R7 -> 0 | T7: 0 | U7: =R7-T7 -> 0 | X7: =(H7+V7)-W7 -> 0 | Y7: =X7/17 -> 0 | Z7: =X7/Y7 -> #DIV/0!
A8: 5 | B8: STL-PB | C8: Cross bar | D8: -360 | E8: -72 | F8: -360 | G8: -72 | H8: -360 | I8: -72 | J8: -360 | K8: -72 | L8: -360 | M8: -72 | N8: 640 | O8: =L8-N8 -> -1000 | P8: 640 | Q8: =N8-P8 -> 0 | R8: 640 | S8: =P8-R8 -> 0 | T8: 640 | U8: =R8-T8 -> 0 | X8: =(H8+V8)-W8 -> -360 | Y8: =X8/5 -> -72 | Z8: =X8/Y8 -> 5
A9: 6 | B9: STL-PB | C9: Joint pin | D9: 795.6 | E9: 1326 | F9: 795.6 | G9: 1326 | H9: 795.6 | I9: 1326 | J9: 795.6 | K9: 1326 | L9: 795.6 | M9: 1326 | N9: 795.6 | O9: =L9-N9 -> 0 | P9: 795.6 | Q9: =N9-P9 -> 0 | R9: 795.6 | S9: =P9-R9 -> 0 | T9: 795.6 | U9: =R9-T9 -> 0 | X9: =(H9+V9)-W9 -> 795.6 | Y9: =X9/0.6 -> 1326 | Z9: =X9/Y9 -> 0.6
A10: 7 | B10: STL-PB | C10: Adjustable Base Jack | D10: -10 | E10: 4 | F10: -10 | G10: 4 | H10: -10 | I10: 4 | J10: -10 | K10: 4 | L10: -10 | M10: 4 | N10: -10 | O10: =L10-N10 -> 0 | P10: -10 | Q10: =N10-P10 -> 0 | R10: -10 | S10: =P10-R10 -> 0 | T10: -10 | U10: =R10-T10 -> 0 | X10: =(H10+V10)-W10 -> -10 | Y10: =X10/5 -> -2 | Z10: =X10/Y10 -> 5
A11: 8 | B11: STL-PB | C11: U head | D11: 245.25 | E11: 49 | F11: 245.25 | G11: 49 | H11: 245.25 | I11: 49 | J11: 245.25 | K11: 49 | L11: 245.25 | M11: 49 | N11: 245.25 | O11: =L11-N11 -> 0 | P11: 245.25 | Q11: =N11-P11 -> 0 | R11: 245.25 | S11: =P11-R11 -> 0 | T11: 245.25 | U11: =R11-T11 -> 0 | X11: =(H11+V11)-W11 -> 245.25 | Y11: =X11/5 -> 49.05 | Z11: =X11/Y11 -> 5
A12: 9 | B12: STL-PB | C12: Base plate | D12: 79.2 | E12: 99 | F12: 79.2 | G12: 99 | H12: 79.2 | I12: 99 | J12: 79.2 | K12: 99 | L12: 79.2 | M12: 99 | N12: 79.2 | O12: =L12-N12 -> 0 | P12: 79.2 | Q12: =N12-P12 -> 0 | R12: 79.2 | S12: =P12-R12 -> 0 | T12: 79.2 | U12: =R12-T12 -> 0 | X12: =(H12+V12)-W12 -> 79.2 | Y12: =X12/0.8 -> 99 | Z12: =X12/Y12 -> 0.8
A13: 10 | B13: STL-PB | C13: MS angle 1.5"*1.5" | D13: -2034.5 | E13: 0 | F13: -2034.5 | G13: 0 | H13: -2034.5 | I13: 0 | J13: -2034.5 | K13: 0 | L13: -2034.5 | M13: 0 | N13: 15.5 | O13: =L13-N13 -> -2050 | P13: 15.5 | Q13: =N13-P13 -> 0 | R13: 15.5 | S13: =P13-R13 -> 0 | T13: 15.5 | U13: =R13-T13 -> 0 | X13: =(H13+V13)-W13 -> -2034.5 | Y13: 0 | Z13: 0
A14: 11 | B14: STL-PB | C14: MS angle 2"*2" | D14: 31.09 | E14: 0 | F14: 31.09 | G14: 0 | H14: 31.09 | I14: 0 | J14: 31.09 | K14: 0 | L14: 31.09 | M14: 0 | N14: 31.09 | O14: =L14-N14 -> 0 | P14: 31.09 | Q14: =N14-P14 -> 0 | R14: 31.09 | S14: =P14-R14 -> 0 | T14: 31.09 | U14: =R14-T14 -> 0 | X14: =(H14+V14)-W14 -> 31.09 | Y14: 0 | Z14: 0
A15: 12 | B15: STL-PB | C15: I-joist | D15: 15 | E15: 0 | F15: 15 | G15: 0 | H15: 15 | I15: 0 | J15: 15 | K15: 0 | L15: 15 | M15: 0 | N15: 15 | O15: =L15-N15 -> 0 | P15: 15 | Q15: =N15-P15 -> 0 | R15: 15 | S15: =P15-R15 -> 0 | T15: 15 | U15: =R15-T15 -> 0 | X15: =(H15+V15)-W15 -> 15 | Y15: 0 | Z15: 0
A16: 13 | B16: STL-PB | C16: Ms.sheet | D16: -1439 | E16: -84 | F16: -1439 | G16: -84 | H16: -1439 | I16: -84 | J16: -1439 | K16: -84 | L16: -1439 | M16: -84 | N16: -1439 | O16: =L16-N16 -> 0 | P16: -1439 | Q16: =N16-P16 -> 0 | R16: -1439 | S16: =P16-R16 -> 0 | T16: -1439 | U16: =R16-T16 -> 0 | X16: =(H16+V16)-W16 -> -1439 | Y16: =X16/17 -> -84.647059 | Z16: =X16/Y16 -> 17
A17: 14 | B17: STL-PB | C17: Shutter Grill | D17: 198 | E17: 11 | F17: 198 | G17: 11 | H17: 198 | I17: 11 | J17: 198 | K17: 11 | L17: 198 | M17: 11 | N17: 198 | O17: =L17-N17 -> 0 | P17: 198 | Q17: =N17-P17 -> 0 | R17: 198 | S17: =P17-R17 -> 0 | T17: 198 | U17: =R17-T17 -> 0 | X17: =(H17+V17)-W17 -> 198 | Y17: =X17/17 -> 11.647059 | Z17: 0
A18: 15 | B18: STL-PB | C18: Hollow box 1.5" x 1.5" | D18: 3983.89 | E18: 0 | F18: 3983.89 | G18: 0 | H18: 3983.89 | I18: 0 | J18: 3983.89 | K18: 0 | L18: 3983.89 | M18: 0 | N18: 3908.89 | O18: =L18-N18 -> 75 | P18: 3908.89 | Q18: =N18-P18 -> 0 | R18: 3908.89 | S18: =P18-R18 -> 0 | T18: 3908.89 | U18: =R18-T18 -> 0 | X18: =(H18+V18)-W18 -> 3983.89 | Y18: 0 | Z18: 0
A19: 16 | B19: STL-PB | C19: Hollow box 3" x 3" | D19: -153.3 | E19: 0 | F19: -153.3 | G19: 0 | H19: -153.3 | I19: 0 | J19: -153.3 | K19: 0 | L19: -153.3 | M19: 0 | N19: -153.3 | O19: =L19-N19 -> 0 | P19: -153.3 | Q19: =N19-P19 -> 0 | R19: -153.3 | S19: =P19-R19 -> 0 | T19: -153.3 | U19: =R19-T19 -> 0 | X19: =(H19+V19)-W19 -> -153.3 | Y19: 0 | Z19: 0
A20: 17 | B20: STL-PB | C20: MS pipe 1.5" | D20: 0 | E20: 0 | F20: 0 | G20: 0 | H20: 0 | I20: 0 | J20: 0 | K20: 0 | L20: 0 | M20: 0 | N20: 0 | O20: =L20-N20 -> 0 | P20: 0 | Q20: =N20-P20 -> 0 | R20: 0 | S20: =P20-R20 -> 0 | T20: 0 | U20: =R20-T20 -> 0 | X20: =(H20+V20)-W20 -> 0 | Y20: 0 | Z20: 0
A21: 18 | B21: STL-PB | C21: MS pipe 1.75” | D21: 361.51 | E21: 0 | F21: 361.51 | G21: 0 | H21: 361.51 | I21: 0 | J21: 361.51 | K21: 0 | L21: 361.51 | M21: 0 | N21: 386.51 | O21: =L21-N21 -> -25 | P21: 386.51 | Q21: =N21-P21 -> 0 | R21: 386.51 | S21: =P21-R21 -> 0 | T21: 386.51 | U21: =R21-T21 -> 0 | X21: =(H21+V21)-W21 -> 361.51 | Y21: 0 | Z21: 0
A22: 19 | B22: STL-PB | C22: MS pipe 2" | D22: 0 | E22: 0 | F22: 0 | G22: 0 | H22: 0 | I22: 0 | J22: 0 | K22: 0 | L22: 0 | M22: 0 | N22: 0 | O22: =L22-N22 -> 0 | P22: 0 | Q22: =N22-P22 -> 0 | R22: 0 | S22: =P22-R22 -> 0 | T22: 0 | U22: =R22-T22 -> 0 | X22: =(H22+V22)-W22 -> 0 | Y22: 0 | Z22: 0
A23: 20 | B23: STL-PB | C23: MS pipe 2.5" | D23: 0 | E23: 0 | F23: 0 | G23: 0 | H23: 0 | I23: 0 | J23: 0 | K23: 0 | L23: 0 | M23: 0 | N23: 0 | O23: =L23-N23 -> 0 | P23: 0 | Q23: =N23-P23 -> 0 | R23: 0 | S23: =P23-R23 -> 0 | T23: 0 | U23: =R23-T23 -> 0 | X23: =(H23+V23)-W23 -> 0 | Y23: 0 | Z23: 0
A24: 21 | B24: STL-PB | C24: Thread Rod | D24: 0 | E24: 0 | F24: 0 | G24: 0 | H24: 0 | I24: 0 | J24: 0 | K24: 0 | L24: 0 | M24: 0 | N24: 0 | O24: =L24-N24 -> 0 | P24: 0 | Q24: =N24-P24 -> 0 | R24: 0 | S24: =P24-R24 -> 0 | T24: 0 | U24: =R24-T24 -> 0 | X24: =(H24+V24)-W24 -> 0 | Y24: 0 | Z24: 0
A25: 22 | B25: STL-PB | C25: Nut, Bolt & Washer | D25: 0 | E25: 0 | F25: 0 | G25: 0 | H25: 0 | I25: 0 | J25: 0 | K25: 0 | L25: 0 | M25: 0 | N25: 0 | O25: =L25-N25 -> 0 | P25: 0 | Q25: =N25-P25 -> 0 | R25: 0 | S25: =P25-R25 -> 0 | T25: 0 | U25: =R25-T25 -> 0 | X25: =(H25+V25)-W25 -> 0 | Y25: 0 | Z25: 0
A26: 23 | B26: STL-PB | C26: T bolt (Nos) | D26: =E26*1.4 -> 93.8 | E26: 67 | F26: 0 | G26: 67 | H26: 0 | I26: 67 | J26: 0 | K26: 67 | L26: 0 | M26: 67 | N26: 93.8 | O26: =L26-N26 -> -93.8 | P26: 93.8 | Q26: =N26-P26 -> 0 | R26: 93.8 | S26: =P26-R26 -> 0 | T26: 93.8 | U26: =R26-T26 -> 0 | X26: =(H26+V26)-W26 -> 0 | Y26: =X26/19 -> 0 | Z26: 0
A27: 24 | B27: STL-PB | C27: Trun bolt (Nos) | D27: -37.8 | E27: -27 | F27: -37.8 | G27: -27 | H27: -37.8 | I27: -27 | J27: -37.8 | K27: -27 | L27: -37.8 | M27: -27 | N27: -37.8 | O27: =L27-N27 -> 0 | P27: -37.8 | Q27: =N27-P27 -> 0 | R27: -37.8 | S27: =P27-R27 -> 0 | T27: -37.8 | U27: =R27-T27 -> 0 | X27: =(H27+V27)-W27 -> -37.8 | Y27: =X27/1.4 -> -27 | Z27: 0
A28: 25 | B28: STL-PB | C28: C- clamp (Nos) | D28: =E28*0.4 -> 114 | E28: 285 | F28: =G28*0.4 -> 114 | G28: 285 | H28: =I28*0.4 -> 114 | I28: 285 | J28: =K28*0.4 -> 114 | K28: 285 | L28: =M28*0.4 -> 114 | M28: 285 | N28: 114 | O28: =L28-N28 -> 0 | P28: 114 | Q28: =N28-P28 -> 0 | R28: 114 | S28: =P28-R28 -> 0 | T28: 114 | U28: =R28-T28 -> 0 | X28: =(H28+V28)-W28 -> 114 | Y28: =X28/0.4 -> 285 | Z28: 0
A29: 26 | B29: STL-PB | C29: Pikon (Nos) | D29: 0 | E29: 7500 | F29: 0 | G29: 7500 | H29: 0 | I29: 7500 | J29: 0 | K29: 7500 | L29: 0 | M29: 7500 | N29: 0 | O29: =L29-N29 -> 0 | P29: 0 | Q29: =N29-P29 -> 0 | R29: 0 | S29: =P29-R29 -> 0 | T29: 0 | U29: =R29-T29 -> 0 | X29: =(H29+V29)-W29 -> 0 | Y29: =X29/19 -> 0 | Z29: 0
A30: 27 | B30: STL-PB | C30: Swivel clamp (Nos) | D30: 782.4 | E30: 1304 | F30: 782.4 | G30: 1304 | H30: 782.4 | I30: 1304 | J30: 782.4 | K30: 1304 | L30: 782.4 | M30: 1304 | N30: 782.4 | O30: =L30-N30 -> 0 | P30: 782.4 | Q30: =N30-P30 -> 0 | R30: 782.4 | S30: =P30-R30 -> 0 | T30: 782.4 | U30: =R30-T30 -> 0 | X30: =(H30+V30)-W30 -> 782.4 | Y30: =X30/0.6 -> 1304 | Z30: 0
A31: 31 | B31: STL-PB | C31: Tin (Nos) | D31: 0 | E31: 76 | F31: 0 | G31: 76 | H31: 0 | I31: 76 | J31: 0 | K31: 76 | L31: 0 | M31: 76 | N31: 0 | O31: =L31-N31 -> 0 | P31: 0 | Q31: =N31-P31 -> 0 | R31: 0 | S31: =P31-R31 -> 0 | T31: 0 | U31: =R31-T31 -> 0 | X31: =(H31+V31)-W31 -> 0 | Y31: =X31/19 -> 0 | Z31: 0
C32: TOTAL | D32: =SUM(D4:D31) -> 3873.88 | H32: =SUM(H4:H31) -> 3780.08 | L32: =SUM(L4:L31) -> 3780.08 | N32: =SUM(N4:N31) -> 6953.88 | P32: =SUM(P4:P31) -> 6953.88 | R32: =SUM(R4:R31) -> 6953.88 | T32: =SUM(T4:T31) -> 6953.88 | X32: =SUM(X4:X31) -> 3780.08 | Y32: =X32/19 -> 198.95158
C33: Totall | D33: =D6+D9+D11+D12+D14+D15+D17+D18+D21+D28+D30+D26 -> 9160.24 | F33: =F6+F9+F11+F12+F14+F15+F17+F18+F21+F28+F30 -> 9066.44 | H33: =H6+H7+H9+H11+H12+H14+H15+H17+H18+H20+H21+H28+H30 -> 9066.44 | L33: =L6+L9+L11+L12+L14+L15+L17+L18+L21+L28+L30 -> 9066.44 | N33: =N6+N8+N9+N11+N12+N13+N14+N15+N17+N18+N21+N26+N28+N30 -> 9765.74 | P33: =P6+P8+P9+P11+P12+P13+P14+P15+P17+P18+P21+P26+P28+P30 -> 9765.74 | R33: =R6+R8+R9+R11+R12+R13+R14+R15+R17+R18+R21+R26+R28+R30 -> 9765.74 | T33: =T6+T7+T8+T9+T11+T12+T13+T14+T15+T17+T18+T20+T21+T26+T28+T30 -> 9765.74 | X33: =X6+X7+X9+X11+X12+X14+X15+X17+X18+X20+X21+X28+X30 -> 9066.44
D34: =D4+D5+D8+D10+D13+D16+D19+D27 -> -5286.36 | F34: =F4+F5+F8+F10+F13+F16+F19+F27 -> -5286.36 | H34: =H4+H5+H8+H10+H13+H16+H19+H27 -> -5286.36 | L34: =L4+L5+L8+L10+L13+L16+L19+L27 -> -5286.36 | N34: =N4+N5+N10+N16+N19+N27 -> -2811.86 | P34: =P4+P5+P10+P16+P19+P27 -> -2811.86 | R34: =R4+R5+R10+R16+R19+R27 -> -2811.86 | T34: =T4+T5+T10+T16+T19+T27 -> -2811.86 | X34: =X4+X5+X8+X10+X13+X16+X19+X27 -> -5286.36
A35: Rubel | D35: =D33+D34 -> 3873.88 | F35: =SUM(F33:F34) -> 3780.08 | H35: =SUM(H33:H34) -> 3780.08 | L35: =SUM(L33:L34) -> 3780.08 | N35: =SUM(N33:N34) -> 6953.88 | P35: =SUM(P33:P34) -> 6953.88 | R35: =SUM(R33:R34) -> 6953.88 | T35: =SUM(T33:T34) -> 6953.88 | X35: =SUM(X33:X34) -> 3780.08

Sheet STL-UB
A1: 07/08/2025 Opening Date
D2: Opening Date:23/10/25 | F2: Opening Date:23/10/25 | H2: Opening Date:20/11/25 | J2: Opening Date:01/01/26 | L2: Opening Date:15/01/26 | N2: Opening Date:29/01/26 | P2: Opening Date:05/02/26 | R2: Opening Date:12/02/26 | T2: Opening Date:26/02/26 | V2: All Week | W2: All Week | X2: Stock Cheek
A3: Si | B3: Project Name | C3: Matarials Name | D3: Opening QTY | E3: Opening nos | F3: Opening QTY | G3: Opening nos | H3: Opening QTY | I3: Opening nos | J3: Opening QTY | K3: Opening nos | L3: Opening QTY | M3: Opening nos | N3: Opening QTY | O3: Opening nos | P3: Opening QTY | Q3: Opening nos | R3: Opening QTY | S3: Opening nos | T3: Opening QTY | U3: Opening nos | V3: Transfer In | W3: Transfer out | X3: Blance | Y3: Nos | Z3: Whight Kg
A4: 1 | B4: STL-UB | C4: Steel shutter - various size | D4: -293.9 | F4: -293.9 | G4: 0 | H4: -293.9 | I4: 0 | J4: -293.9 | K4: 0 | L4: -293.9 | M4: 0 | N4: =-293.9 -> -293.9 | O4: 0 | P4: =-293.9 -> -293.9 | Q4: 0 | R4: =-293.9 -> -293.9 | S4: 0 | T4: =-293.9 -> -293.9 | U4: 0 | V4: =L4-N4 -> 0 | X4: =(H4+V4)-W4 -> -293.9 | Z4: =X4/Y4 -> #DIV/0!
A5: 2 | B5: STL-UB | C5: Steel props | D5: 0 | F5: 0 | G5: 0 | H5: 0 | I5: 0 | J5: 0 | K5: 0 | L5: 0 | M5: 0 | N5: 0 | O5: 0 | P5: 0 | Q5: 0 | R5: 0 | S5: 0 | T5: 0 | U5: 0 | V5: =L5-N5 -> 0 | X5: =(H5+V5)-W5 -> 0 | Y5: =X5/19 -> 0 | Z5: =X5/Y5 -> #DIV/0!
A6: 3 | B6: STL-UB | C6: Scaffolding long | D6: 0 | F6: 0 | G6: 0 | H6: 0 | I6: 0 | J6: 0 | K6: 0 | L6: 0 | M6: 0 | N6: 0 | O6: 0 | P6: 0 | Q6: 0 | R6: 0 | S6: 0 | T6: 0 | U6: 0 | V6: =L6-N6 -> 0 | X6: =(H6+V6)-W6 -> 0 | Y6: =X6/37 -> 0 | Z6: =X6/Y6 -> #DIV/0!
A7: 4 | B7: STL-UB | C7: Scaffoding short | D7: 34 | E7: 2 | F7: 34 | G7: 2 | H7: 34 | I7: 2 | J7: 34 | K7: 2 | L7: 34 | M7: 2 | N7: 34 | O7: 2 | P7: 34 | Q7: 2 | R7: 34 | S7: 2 | T7: 34 | U7: 2 | V7: =L7-N7 -> 0 | X7: =(H7+V7)-W7 -> 34 | Y7: =X7/17 -> 2 | Z7: =X7/Y7 -> 17
A8: 5 | B8: STL-UB | C8: Cross bar | D8: 1655 | E8: 331 | F8: 1655 | G8: 331 | H8: 1655 | I8: 331 | J8: 1655 | K8: 331 | L8: 1655 | M8: 331 | N8: 655 | O8: 131 | P8: 655 | Q8: 131 | R8: 655 | S8: 131 | T8: 655 | U8: 131 | V8: =L8-N8 -> 1000 | X8: =(H8+V8)-W8 -> 2655 | Y8: =X8/5 -> 531 | Z8: =X8/Y8 -> 5
A9: 6 | B9: STL-UB | C9: Joint pin | D9: 43.8 | E9: 73 | F9: 43.8 | G9: 73 | H9: 43.8 | I9: 73 | J9: 43.8 | K9: 73 | L9: 43.8 | M9: 73 | N9: 43.8 | O9: 73 | P9: 43.8 | Q9: 73 | R9: 43.8 | S9: 73 | T9: 43.8 | U9: 73 | V9: =L9-N9 -> 0 | X9: =(H9+V9)-W9 -> 43.8 | Y9: =X9/0.6 -> 73 | Z9: =X9/Y9 -> 0.6
A10: 7 | B10: STL-UB | C10: Adjustable Base Jack | D10: 395 | E10: 79 | F10: 395 | G10: 79 | H10: 395 | I10: 79 | J10: 395 | K10: 79 | L10: 395 | M10: 79 | N10: 395 | O10: 79 | P10: 395 | Q10: 79 | R10: 395 | S10: 79 | T10: 395 | U10: 79 | V10: =L10-N10 -> 0 | X10: =(H10+V10)-W10 -> 395 | Y10: =X10/5 -> 79 | Z10: =X10/Y10 -> 5
A11: 8 | B11: STL-UB | C11: U head | D11: 1745 | E11: 349 | F11: 1745 | G11: 349 | H11: 1745 | I11: 349 | J11: 1745 | K11: 349 | L11: 1745 | M11: 349 | N11: 1745 | O11: 349 | P11: 1745 | Q11: 349 | R11: 1745 | S11: 349 | T11: 1745 | U11: 349 | V11: =L11-N11 -> 0 | X11: =(H11+V11)-W11 -> 1745 | Y11: =X11/5 -> 349 | Z11: =X11/Y11 -> 5
A12: 9 | B12: STL-UB | C12: Base plate | D12: 0 | E12: -26 | F12: 0 | G12: -26 | H12: 0 | I12: -26 | J12: 0 | K12: -26 | L12: 0 | M12: -26 | N12: 20.8 | O12: 0 | P12: 20.8 | Q12: 0 | R12: 20.8 | S12: 0 | T12: 20.8 | U12: 0 | V12: =L12-N12 -> -20.8 | X12: =(H12+V12)-W12 -> -20.8 | Y12: =X12/0.8 -> -26 | Z12: =X12/Y12 -> 0.8
A13: 10 | B13: STL-UB | C13: MS angle 1.5"*1.5" | D13: 2711 | F13: 2711 | G13: 0 | H13: 2711 | I13: 0 | J13: 2711 | K13: 0 | L13: 2711 | M13: 0 | N13: 431 | O13: 0 | P13: 431 | Q13: 0 | R13: 431 | S13: 0 | T13: 431 | U13: 0 | V13: =L13-N13 -> 2280 | X13: =(H13+V13)-W13 -> 4991 | Y13: 0 | Z13: =X13/Y13 -> #DIV/0!
A14: 11 | B14: STL-UB | C14: MS angle 2"*2" | D14: 7 | F14: 7 | G14: 0 | H14: 7 | I14: 0 | J14: 7 | K14: 0 | L14: 7 | M14: 0 | N14: 7 | O14: 0 | P14: 7 | Q14: 0 | R14: 7 | S14: 0 | T14: 7 | U14: 0 | V14: =L14-N14 -> 0 | X14: =(H14+V14)-W14 -> 7 | Y14: 0 | Z14: =X14/Y14 -> #DIV/0!
A15: 12 | B15: STL-UB | C15: I-joist | D15: 0 | F15: 0 | G15: 0 | H15: 0 | I15: 0 | J15: 0 | K15: 0 | L15: 0 | M15: 0 | N15: 0 | O15: 0 | P15: 0 | Q15: 0 | R15: 0 | S15: 0 | T15: 0 | U15: 0 | V15: =L15-N15 -> 0 | X15: =(H15+V15)-W15 -> 0 | Y15: 0 | Z15: =X15/Y15 -> #DIV/0!
A16: 13 | B16: STL-UB | C16: Ms.sheet | D16: -205 | E16: -7 | F16: -205 | G16: -7 | H16: -205 | I16: -7 | J16: -205 | K16: -7 | L16: -205 | M16: -7 | N16: -205 | O16: -7 | P16: -205 | Q16: -7 | R16: -205 | S16: -7 | T16: -205 | U16: -7 | V16: =L16-N16 -> 0 | X16: =(H16+V16)-W16 -> -205 | Y16: =X16/17 -> -12.058824 | Z16: =X16/Y16 -> 17
A17: 14 | B17: STL-UB | C17: Shutter Grill | D17: 414 | E17: 23 | F17: 414 | G17: 23 | H17: 414 | I17: 23 | J17: 414 | K17: 23 | L17: 414 | M17: 23 | N17: 414 | O17: 23 | P17: 414 | Q17: 23 | R17: 414 | S17: 23 | T17: 414 | U17: 23 | V17: =L17-N17 -> 0 | X17: =(H17+V17)-W17 -> 414 | Y17: =X17/17 -> 24.352941 | Z17: =X17/Y17 -> 17
A18: 15 | B18: STL-UB | C18: Hollow box 1.5" x 1.5" | D18: 366 | E18: 0 | F18: 366 | G18: 0 | H18: 366 | I18: 0 | J18: 366 | K18: 0 | L18: 366 | M18: 0 | N18: 366 | O18: 0 | P18: 366 | Q18: 0 | R18: 366 | S18: 0 | T18: 366 | U18: 0 | V18: =L18-N18 -> 0 | X18: =(H18+V18)-W18 -> 366 | Y18: 0 | Z18: =X18/Y18 -> #DIV/0!
A19: 16 | B19: STL-UB | C19: Hollow box 3" x 3" | D19: 4.34 | E19: 0 | F19: 4.34 | G19: 0 | H19: 4.34 | I19: 0 | J19: 4.34 | K19: 0 | L19: 4.34 | M19: 0 | N19: 4.34 | O19: 0 | P19: 4.34 | Q19: 0 | R19: 4.34 | S19: 0 | T19: 4.34 | U19: 0 | V19: =L19-N19 -> 0 | X19: =(H19+V19)-W19 -> 4.34 | Y19: 0 | Z19: =X19/Y19 -> #DIV/0!
A20: 17 | B20: STL-UB | C20: MS pipe 1.5" | D20: 100 | E20: 0 | F20: 100 | G20: 0 | H20: 100 | I20: 0 | J20: 100 | K20: 0 | L20: 100 | M20: 0 | N20: 100 | O20: 0 | P20: 100 | Q20: 0 | R20: 100 | S20: 0 | T20: 100 | U20: 0 | V20: =L20-N20 -> 0 | X20: =(H20+V20)-W20 -> 100 | Y20: 0 | Z20: =X20/Y20 -> #DIV/0!
A21: 18 | B21: STL-UB | C21: MS pipe 1.75” | D21: 526 | E21: 0 | F21: 526 | G21: 0 | H21: 526 | I21: 0 | J21: 526 | K21: 0 | L21: 526 | M21: 0 | N21: 376 | O21: 0 | P21: 376 | Q21: 0 | R21: 376 | S21: 0 | T21: 376 | U21: 0 | V21: =L21-N21 -> 150 | X21: =(H21+V21)-W21 -> 676 | Y21: 0 | Z21: =X21/Y21 -> #DIV/0!
A22: 19 | B22: STL-UB | C22: MS pipe 2" | D22: 0 | E22: 0 | F22: 0 | G22: 0 | H22: 0 | I22: 0 | J22: 0 | K22: 0 | L22: 0 | M22: 0 | N22: 0 | O22: 0 | P22: 0 | Q22: 0 | R22: 0 | S22: 0 | T22: 0 | U22: 0 | V22: =L22-N22 -> 0 | X22: =(H22+V22)-W22 -> 0 | Y22: 0 | Z22: =X22/Y22 -> #DIV/0!
A23: 20 | B23: STL-UB | C23: MS pipe 2.5" | D23: 0 | E23: 0 | F23: 0 | G23: 0 | H23: 0 | I23: 0 | J23: 0 | K23: 0 | L23: 0 | M23: 0 | N23: 0 | O23: 0 | P23: 0 | Q23: 0 | R23: 0 | S23: 0 | T23: 0 | U23: 0 | V23: =L23-N23 -> 0 | X23: =(H23+V23)-W23 -> 0 | Y23: 0 | Z23: =X23/Y23 -> #DIV/0!
A24: 21 | B24: STL-UB | C24: Thread Rod | D24: 0 | E24: 0 | F24: 0 | G24: 0 | H24: 0 | I24: 0 | J24: 0 | K24: 0 | L24: 0 | M24: 0 | N24: 0 | O24: 0 | P24: 0 | Q24: 0 | R24: 0 | S24: 0 | T24: 0 | U24: 0 | V24: =L24-N24 -> 0 | X24: =(H24+V24)-W24 -> 0 | Y24: 0 | Z24: =X24/Y24 -> #DIV/0!
A25: 22 | B25: STL-UB | C25: Nut, Bolt & Washer | D25: 0 | E25: 0 | F25: 0 | G25: 0 | H25: 0 | I25: 0 | J25: 0 | K25: 0 | L25: 0 | M25: 0 | N25: 0 | O25: 0 | P25: 0 | Q25: 0 | R25: 0 | S25: 0 | T25: 0 | U25: 0 | V25: =L25-N25 -> 0 | X25: =(H25+V25)-W25 -> 0 | Y25: 0 | Z25: =X25/Y25 -> #DIV/0!
A26: 23 | B26: STL-UB | C26: T bolt (Nos) | D26: 0 | E26: 0 | F26: 0 | G26: 0 | H26: 0 | I26: 0 | J26: 0 | K26: 0 | L26: 0 | M26: 0 | N26: 0 | O26: 0 | P26: 0 | Q26: 0 | R26: 0 | S26: 0 | T26: 0 | U26: 0 | V26: =L26-N26 -> 0 | X26: =(H26+V26)-W26 -> 0 | Y26: =X26/19 -> 0 | Z26: =X26/Y26 -> #DIV/0!
A27: 24 | B27: STL-UB | C27: Trun bolt (Nos) | D27: =E27*1.4 -> 338.8 | E27: 242 | F27: =G27*1.4 -> 338.8 | G27: 242 | H27: =I27*1.4 -> 338.8 | I27: 242 | J27: =K27*1.4 -> 338.8 | K27: 242 | L27: =M27*1.4 -> 338.8 | M27: 242 | N27: 338.8 | O27: 242 | P27: 338.8 | Q27: 242 | R27: 338.8 | S27: 242 | T27: 338.8 | U27: 242 | V27: =L27-N27 -> 0 | X27: =(H27+V27)-W27 -> 338.8 | Y27: =X27/1.4 -> 242 | Z27: =X27/Y27 -> 1.4
A28: 25 | B28: STL-UB | C28: C- clamp (Nos) | D28: 0 | E28: 0 | F28: 0 | G28: 0 | H28: 0 | I28: 0 | J28: 0 | K28: 0 | L28: 0 | M28: 0 | N28: 0 | O28: 0 | P28: 0 | Q28: 0 | R28: 0 | S28: 0 | T28: 0 | U28: 0 | V28: =L28-N28 -> 0 | X28: =(H28+V28)-W28 -> 0 | Y28: =X28/19 -> 0 | Z28: =X28/Y28 -> #DIV/0!
A29: 26 | B29: STL-UB | C29: Pikon (Nos) | D29: 0 | E29: 0 | F29: 0 | G29: 0 | H29: 0 | I29: 0 | J29: 0 | K29: 0 | L29: 0 | M29: 0 | N29: 0 | O29: 0 | P29: 0 | Q29: 0 | R29: 0 | S29: 0 | T29: 0 | U29: 0 | V29: =L29-N29 -> 0 | X29: =(H29+V29)-W29 -> 0 | Y29: =X29/19 -> 0 | Z29: =X29/Y29 -> #DIV/0!
A30: 27 | B30: STL-UB | C30: Swivel clamp (Nos) | D30: =E30*0.6 -> 372 | E30: 620 | F30: =G30*0.6 -> 372 | G30: 620 | H30: =I30*0.6 -> 372 | I30: 620 | J30: =K30*0.6 -> 372 | K30: 620 | L30: =M30*0.6 -> 372 | M30: 620 | N30: 372 | O30: 620 | P30: 372 | Q30: 620 | R30: 372 | S30: 620 | T30: 372 | U30: 620 | V30: =L30-N30 -> 0 | X30: =(H30+V30)-W30 -> 372 | Y30: =X30/0.6 -> 620 | Z30: =X30/Y30 -> 0.6
A31: 31 | B31: STL-UB | C31: Tin (Nos) | E31: 252 | G31: 252 | I31: 252 | K31: 252 | M31: 252 | N31: 0 | O31: 252 | P31: 0 | Q31: 252 | R31: 0 | S31: 252 | T31: 0 | U31: 252 | V31: =L31-N31 -> 0 | X31: =(H31+V31)-W31 -> 0 | Y31: =X31/19 -> 0 | Z31: =X31/Y31 -> #DIV/0!
C32: Totall | D32: =SUM(D4:D31) -> 8213.04 | F32: =SUM(F4:F31) -> 8213.04 | H32: =SUM(H4:H31) -> 8213.04 | L32: =SUM(L4:L31) -> 8213.04 | N32: =SUM(N4:N31) -> 4803.84 | P32: =SUM(P4:P31) -> 4803.84 | R32: =SUM(R4:R31) -> 4803.84 | S32: =SUM(S4:S31) -> 1764 | T32: =SUM(T4:T31) -> 4803.84 | V32: =L32-N32 -> 3409.2 | X32: =SUM(X4:X31) -> 11622.24
D33: =D4+D16 -> -498.9 | F33: =F4+F16 -> -498.9 | H33: =H4+H16 -> -498.9 | L33: =L4+L16 -> -498.9 | N33: =N4+N16 -> -498.9 | P33: =P4+P16 -> -498.9 | R33: =R4+R16 -> -498.9 | T33: =T4+T16 -> -498.9 | V33: =L33-N33 -> 0
C34: =+KG -> #NAME? | D34: =D7+D8+D9+D10+D11+D13+D17+D18+D19+D20+D21+D27+D30 -> 8704.94 | F34: =F7+F8+F9+F10+F11+F13+F14+F17+F18+F19+F20+F21+F27+F30 -> 8711.94 | H34: =H7+H8+H9+H10+H11+H13+H14+H17+H18+H19+H20+H21+H27+H30 -> 8711.94 | L34: =L7+L8+L9+L10+L11+L13+L14+L17+L18+L19+L20+L21+L27+L30 -> 8711.94 | N34: =N7+N8+N9+N10+N11+N12+N13+N14+N17+N18+N19+N20+N21+N27+N30 -> 5302.74 | P34: =N34 -> 5302.74 | R34: =P34 -> 5302.74 | T34: =T5+T6+T7+T8+T9+T10+T11+T12+T13+T14+T15+T17+T18+T19+T20+T21+T27+T29+T28+T30 -> 5302.74 | V34: =L34-N34 -> 3409.2
C35: Total stock Report | D35: =SUM(D33:D34) -> 8206.04 | F35: =SUM(F33:F34) -> 8213.04 | H35: =SUM(H33:H34) -> 8213.04 | L35: =SUM(L33:L34) -> 8213.04 | N35: =SUM(N33:N34) -> 4803.84 | P35: =SUM(P33:P34) -> 4803.84 | R35: =SUM(R33:R34) -> 4803.84 | T35: =SUM(T33:T34) -> 4803.84

Sheet HFL -AEPZ
A1: 20/11/2025 Opening Date
D2: Opening Date:23/10/25 | F2: Opening Date:30/10/25 | H2: Opening Date:20/11/25 | J2: Opening Date:25/12/25 | L2: Opening Date:01/01/26 | N2: Opening Date:15/01/26 | P2: Opening Date:29/01/26 | R2: Opening Date:05/02/26 | T2: Opening Date:12/02/26 | V2: Opening Date:26/02/26 | X2: All Week | Y2: All Week | Z2: Stock Cheek
A3: Si | B3: Project Name | C3: Matarials Name | D3: Opening QTY | E3: Opening nos | F3: Opening QTY | G3: Opening nos | H3: Opening QTY | I3: Opening nos | J3: Opening QTY | K3: Opening nos | L3: Opening QTY | M3: Opening nos | N3: Opening QTY | O3: Opening nos | P3: Opening QTY | Q3: Opening nos | R3: Opening QTY | S3: Opening nos | T3: Opening QTY | U3: Opening nos | V3: Opening QTY | W3: Opening nos | X3: Transfer In | Y3: Transfer Out | Z3: Blance | AA3: Nos | AB3: Whight Kg
A4: 1 | B4: HFL | C4: Steel shutter - various size | D4: =172232+110 -> 172342 | E4: 0 | F4: 163011 | G4: 0 | H4: 169354 | I4: 0 | J4: 189265 | K4: 0 | L4: 191317 | M4: 0 | N4: 173003 | O4: 0 | P4: 177945 | Q4: 0 | R4: 177685 | S4: 0 | T4: 177685 | U4: 0 | V4: 176785 | W4: 0 | X4: =T4-V4 -> 900 | Z4: =(H4+X4)-Y4 -> 170254
A5: 2 | B5: HFL | C5: Steel props | D5: 9850 | E5: 394 | F5: 8513 | G5: 323 | H5: 8513 | I5: 323 | J5: 16530 | K5: 759 | L5: 16468 | M5: 754 | N5: 15968 | O5: 734 | P5: 15843 | Q5: 729 | R5: 15455 | S5: 711 | T5: 15455 | U5: 711 | V5: 15330 | W5: 701 | X5: =T5-V5 -> 125 | Z5: =(H5+X5)-Y5 -> 8638 | AA5: =Z5/19 -> 454.63158 | AB5: =Z5/AA5 -> 19
A6: 3 | B6: HFL | C6: Scaffolding long | D6: 98790 | E6: 2672 | F6: 87116 | G6: 2672 | H6: 92056 | I6: 2487 | J6: 91926 | K6: 2483.5 | L6: 87634 | M6: 2367.5 | N6: 80197 | O6: 2166.5 | P6: 78902 | Q6: 2131.5 | R6: 77829 | S6: 2102.5 | T6: 77829 | U6: 2102.5 | V6: 81529 | W6: 2202.5 | X6: =T6-V6 -> -3700 | Z6: =(H6+X6)-Y6 -> 88356 | AA6: =Z6/37 -> 2388 | AB6: =Z6/AA6 -> 37
A7: 4 | B7: HFL | C7: Scaffoding short | D7: 20851 | E7: 1226.5 | F7: 20851 | G7: 1226.5 | H7: 20511 | I7: 1206.5 | J7: 21123 | K7: 1217 | L7: 20434 | M7: 1217 | N7: 20434 | O7: 1202 | P7: 19125 | Q7: 1125 | R7: 19125 | S7: 1125 | T7: 19125 | U7: 1125 | V7: 19516 | W7: 1148 | X7: =T7-V7 -> -391 | Z7: =(H7+X7)-Y7 -> 20120 | AA7: =Z7/17 -> 1183.5294 | AB7: =Z7/AA7 -> 17
A8: 5 | B8: HFL | C8: Cross bar | D8: =46745+12200 -> 58945 | E8: =9349+2440 -> 11789 | F8: =45470+12200 -> 57670 | G8: =9094+2440 -> 11534 | H8: =47710+12200 -> 59910 | I8: =9542+2440 -> 11982 | J8: =44720+12200 -> 56920 | K8: =8944+2440 -> 11384 | L8: =44145+12200 -> 56345 | M8: =8944+2440 -> 11384 | N8: =42520+12200 -> 54720 | O8: =8504+2440 -> 10944 | P8: =39705+12200 -> 51905 | Q8: =7941+2440 -> 10381 | R8: =38855+12200 -> 51055 | S8: =7771+2440 -> 10211 | T8: =38855+12200 -> 51055 | U8: =7771+2440 -> 10211 | V8: =39855+12200 -> 52055 | W8: =7971+2440 -> 10411 | X8: =T8-V8 -> -1000 | Z8: =(H8+X8)-Y8 -> 58910 | AA8: =Z8/5 -> 11782 | AB8: =Z8/AA8 -> 5
A9: 6 | B9: HFL | C9: Joint pin | D9: 7462 | E9: 12437 | F9: 7442 | G9: 12425 | H9: 7392 | I9: 12395 | J9: 6861 | K9: 12086 | L9: 6711 | M9: 12086 | N9: 6706 | O9: 11993 | P9: 6668 | Q9: 11970 | R9: 6911 | S9: 11519 | T9: 6911 | U9: 11519 | V9: 7163 | W9: 11939 | X9: =T9-V9 -> -252 | Z9: =(H9+X9)-Y9 -> 7140 | AA9: =Z9/0.6 -> 11900 | AB9: =Z9/AA9 -> 0.6
A10: 7 | B10: HFL | C10: Adjustable Base Jack | D10: 28625 | E10: 5725 | F10: 26200 | G10: 5240 | H10: 28750 | I10: 5750 | J10: 27910 | K10: 5582 | L10: 26950 | M10: 5582 | N10: 25820 | O10: 5164 | P10: 23620 | Q10: 4724 | R10: 23270 | S10: 4654 | T10: 23270 | U10: 4654 | V10: 24480 | W10: 4896 | X10: =T10-V10 -> -1210 | Z10: =(H10+X10)-Y10 -> 27540 | AA10: =Z10/5 -> 5508 | AB10: =Z10/AA10 -> 5
B11: HFL | C11: Plane U-head | J11: 1485 | K11: 297 | L11: 1485 | M11: 297 | N11: 1485 | O11: 297 | P11: 1485 | Q11: 297 | R11: 1485 | S11: 297 | T11: 1485 | U11: 297 | V11: 1485 | W11: 297 | X11: =T11-V11 -> 0
A12: 8 | B12: HFL | C12: U head | D12: 24400 | E12: 4880 | F12: 22970 | G12: 4594 | H12: 25480 | I12: 5096 | J12: 27930 | K12: 5586 | L12: 30515 | M12: 5586 | N12: 32765 | O12: 6553 | P12: 32715 | Q12: 6543 | R12: 34250 | S12: 6850 | T12: 34250 | U12: 6850 | V12: 36150 | W12: 7230 | X12: =T12-V12 -> -1900 | Z12: =(H12+X12)-Y12 -> 23580 | AA12: =Z12/5 -> 4716 | AB12: =Z12/AA12 -> 5
A13: 9 | B13: HFL | C13: Base plate | D13: 161 | E13: 202 | F13: 161 | G13: 202 | H13: 561 | I13: 702 | J13: 1333 | K13: 1667 | L13: 1333 | M13: 1667 | N13: 1333 | O13: 1667 | P13: 1333 | Q13: 1667 | R13: 1333 | S13: 1667 | T13: 1333 | U13: 1667 | V13: 1533 | W13: 1917 | X13: =T13-V13 -> -200 | Z13: =(H13+X13)-Y13 -> 361 | AA13: =Z13/0.8 -> 451.25 | AB13: =Z13/AA13 -> 0.8
A14: 10 | B14: HFL | C14: MS angle 1.5"*1.5" | D14: 1200 | E14: 0 | F14: 1200 | G14: 0 | H14: 1200 | I14: 0 | J14: 1200 | K14: 0 | L14: 1200 | M14: 0 | N14: 1200 | O14: 0 | P14: 1200 | Q14: 0 | R14: 1200 | S14: 0 | T14: 1200 | U14: 0 | V14: 1200 | W14: 0 | X14: =T14-V14 -> 0 | Z14: =(H14+X14)-Y14 -> 1200 | AA14: 0 | AB14: =Z14/AA14 -> #DIV/0!
A15: 11 | B15: HFL | C15: MS angle 2"*2" | D15: 14461 | E15: 0 | F15: 14401 | G15: 0 | H15: 16561 | I15: 0 | J15: 19222 | K15: 0 | L15: 19122 | M15: 0 | N15: 18657 | O15: 0 | P15: 19388 | Q15: 0 | R15: 19238 | S15: 0 | T15: 19238 | U15: 0 | V15: 19718 | W15: 0 | X15: =T15-V15 -> -480 | Z15: =(H15+X15)-Y15 -> 16081 | AA15: 0 | AB15: =Z15/AA15 -> #DIV/0!
A16: 12 | B16: HFL | C16: I-joist | D16: 0 | E16: 0 | F16: 0 | G16: 0 | H16: 0 | I16: 0 | J16: 0 | K16: 0 | L16: 0 | M16: 0 | N16: 0 | O16: 0 | P16: 0 | Q16: 0 | R16: 0 | S16: 0 | T16: 0 | U16: 0 | V16: 0 | W16: 0 | X16: =T16-V16 -> 0 | Z16: =(H16+X16)-Y16 -> 0 | AA16: 0 | AB16: =Z16/AA16 -> #DIV/0!
A17: 13 | B17: HFL | C17: Ms.sheet | D17: 35556 | E17: 2231 | F17: 34876 | G17: 2191 | H17: 34876 | I17: 2191 | J17: 57855 | K17: 3549 | L17: 58446 | M17: 3549 | N17: 58446 | O17: 3711 | P17: 60146 | Q17: 3811 | R17: 62254 | S17: 3935 | T17: 62254 | U17: 3935 | V17: 66266 | W17: 4171 | X17: =T17-V17 -> -4012 | Z17: =(H17+X17)-Y17 -> 30864 | AA17: =Z17/17 -> 1815.5294 | AB17: =Z17/AA17 -> 17
A18: 14 | B18: HFL | C18: Shutter Grill | D18: 90 | E18: 5 | F18: 90 | G18: 5 | H18: 90 | I18: 5 | J18: 90 | K18: 0 | L18: 90 | M18: 0 | N18: 90 | O18: 5 | P18: 90 | Q18: 0 | R18: 90 | S18: 5 | T18: 90 | U18: 5 | V18: 90 | W18: 5 | X18: =T18-V18 -> 0 | Z18: =(H18+X18)-Y18 -> 90 | AA18: =Z18/17 -> 5.2941176 | AB18: =Z18/AA18 -> 17
A19: 15 | B19: HFL | C19: Hollow box 1.5" x 1.5" | D19: 70444 | E19: 0 | F19: 69994 | G19: 0 | H19: 70494 | I19: 0 | J19: 95911 | K19: 0 | L19: 91874 | M19: 0 | N19: 93574 | O19: 0 | P19: 97586 | Q19: 0 | R19: 99706 | S19: 0 | T19: 99706 | U19: 0 | V19: 105466 | W19: 0 | X19: =T19-V19 -> -5760 | Z19: =(H19+X19)-Y19 -> 64734 | AA19: 0 | AB19: =Z19/AA19 -> #DIV/0!
A20: 16 | B20: HFL | C20: Hollow box 3" x 3" | D20: 41656 | E20: 0 | F20: 41656 | G20: 0 | H20: 41656 | I20: 0 | J20: 58210 | K20: 0 | L20: 56904 | M20: 0 | N20: 57024 | O20: 0 | P20: 56813 | Q20: 0 | R20: 57617 | S20: 0 | T20: 57617 | U20: 0 | V20: 59446 | W20: 0 | X20: =T20-V20 -> -1829 | Z20: =(H20+X20)-Y20 -> 39827 | AA20: 0 | AB20: =Z20/AA20 -> #DIV/0!
A21: 17 | B21: HFL | C21: Hollow box 1 x 1.5" | D21: 0 | E21: 0 | F21: 281 | G21: 0 | H21: 281 | I21: 0 | J21: 281 | K21: 0 | L21: 281 | M21: 0 | N21: 281 | O21: 0 | P21: 281 | Q21: 0 | R21: 281 | S21: 0 | T21: 281 | U21: 0 | V21: 281 | W21: 0 | X21: =T21-V21 -> 0 | Z21: =(H21+X21)-Y21 -> 281 | AA21: 0 | AB21: =Z21/AA21 -> #DIV/0!
A22: 18 | B22: HFL | C22: MS pipe 1.75” | D22: 14014 | E22: 0 | F22: 12858 | G22: 0 | H22: 12858 | I22: 0 | J22: 12108 | K22: 0 | L22: 11188 | M22: 0 | N22: 9538 | O22: 0 | P22: 8038 | Q22: 0 | R22: 7338 | S22: 0 | T22: 7338 | U22: 0 | V22: 7268 | W22: 0 | X22: =T22-V22 -> 70 | Z22: =(H22+X22)-Y22 -> 12928 | AA22: 0 | AB22: =Z22/AA22 -> #DIV/0!
A23: 19 | B23: HFL | C23: MS pipe 2" | D23: 0 | E23: 0 | F23: 0 | G23: 0 | H23: 0 | I23: 0 | J23: 0 | K23: 0 | L23: 0 | M23: 0 | N23: 0 | O23: 0 | P23: 0 | Q23: 0 | R23: 0 | S23: 0 | T23: 0 | U23: 0 | V23: 0 | W23: 0 | X23: =T23-V23 -> 0 | Z23: =(H23+X23)-Y23 -> 0 | AA23: 0 | AB23: =Z23/AA23 -> #DIV/0!
A24: 20 | B24: HFL | C24: MS pipe 2.5" | D24: 0 | E24: 0 | F24: 0 | G24: 0 | H24: 0 | I24: 0 | J24: 0 | K24: 0 | L24: 0 | M24: 0 | N24: 0 | O24: 0 | P24: 0 | Q24: 0 | R24: 0 | S24: 0 | T24: 0 | U24: 0 | V24: 0 | W24: 0 | X24: =T24-V24 -> 0 | Z24: =(H24+X24)-Y24 -> 0 | AA24: 0 | AB24: =Z24/AA24 -> #DIV/0!
A25: 21 | B25: HFL | C25: Thread Rod | D25: 0 | E25: 0 | F25: 0 | G25: 0 | H25: 0 | I25: 0 | J25: 0 | K25: 0 | L25: 0 | M25: 0 | N25: 0 | O25: 0 | P25: 0 | Q25: 0 | R25: 0 | S25: 0 | T25: 0 | U25: 0 | V25: 0 | W25: 0 | X25: =T25-V25 -> 0 | Z25: =(H25+X25)-Y25 -> 0 | AA25: 0 | AB25: =Z25/AA25 -> #DIV/0!
A26: 22 | B26: HFL | C26: Nut, Bolt & Washer | D26: 4480 | E26: 0 | F26: 4480 | G26: 0 | H26: 4465 | I26: 0 | J26: 4755 | K26: 0 | L26: 4695 | M26: 0 | N26: 4650 | O26: 0 | P26: 4792 | Q26: 0 | R26: 3932 | S26: 0 | T26: 3932 | U26: 0 | V26: 4252 | W26: 0 | X26: =T26-V26 -> -320 | Z26: =(H26+X26)-Y26 -> 4145 | AA26: 0 | AB26: =Z26/AA26 -> #DIV/0!
A27: 23 | B27: HFL | C27: T bolt (Nos) | D27: =E27*3 -> 300 | E27: 100 | F27: 80 | G27: 100 | H27: 300 | I27: 100 | J27: 80 | K27: 100 | L27: 80 | M27: 100 | N27: 80 | O27: 100 | P27: 80 | Q27: 100 | R27: 80 | S27: 100 | T27: 80 | U27: 100 | V27: 80 | W27: 100 | X27: =T27-V27 -> 0 | Z27: =(H27+X27)-Y27 -> 300 | AA27: =Z27/3 -> 100 | AB27: =Z27/AA27 -> 3
A28: 24 | B28: HFL | C28: Trun bolt (Nos) | D28: 690 | E28: 493 | F28: 690 | G28: 493 | H28: 690 | I28: 493 | J28: =K28*1.4 -> 830.2 | K28: 593 | L28: =M28*1.4 -> 830.2 | M28: 593 | N28: 830 | O28: 593 | P28: 830 | Q28: 593 | R28: =S28*1.4 -> 824.6 | S28: 589 | T28: =U28*1.4 -> 824.6 | U28: 589 | V28: 671 | W28: 479 | X28: =T28-V28 -> 153.6 | Z28: =(H28+X28)-Y28 -> 843.6 | AA28: =Z28/1.4 -> 602.57143 | AB28: =Z28/AA28 -> 1.4
A29: 25 | B29: HFL | C29: C- clamp (Nos) | D29: 10 | E29: 100 | F29: 10 | G29: 100 | H29: 10 | I29: 100 | J29: =K29*0.4 -> 40 | K29: 100 | L29: =M29*0.4 -> 40 | M29: 100 | N29: 40 | O29: 100 | P29: 10 | Q29: 100 | R29: 10 | S29: 100 | T29: 10 | U29: 100 | V29: 10 | W29: 100 | X29: =T29-V29 -> 0 | Z29: =(H29+X29)-Y29 -> 10 | AA29: =Z29/0.4 -> 25 | AB29: =Z29/AA29 -> 0.4
A30: 26 | B30: HFL | C30: Pikon (Nos) | D30: 0 | E30: 0 | F30: 0 | G30: 0 | H30: 0 | I30: 120 | J30: 0 | K30: 0 | L30: 0 | M30: 0 | N30: 0 | O30: 0 | P30: 0 | Q30: 0 | R30: 0 | S30: 0 | T30: 0 | U30: 0 | V30: 0 | W30: 0 | X30: =T30-V30 -> 0 | Z30: =(H30+X30)-Y30 -> 0 | AA30: 120 | AB30: =Z30/AA30 -> 0
A31: 27 | B31: HFL | C31: Swivel clamp (Nos) | D31: 71 | E31: 120 | F31: 71 | G31: 120 | H31: 71 | I31: 0 | J31: =K31*0.6 -> 78 | K31: 130 | L31: =M31*0.6 -> 78 | M31: 130 | N31: 64 | O31: 110 | P31: 64 | Q31: 110 | R31: 64 | S31: 110 | T31: 64 | U31: 110 | V31: 64 | W31: 110 | X31: =T31-V31 -> 0 | Z31: =(H31+X31)-Y31 -> 71 | AA31: =Z31/0.6 -> 118.33333 | AB31: =Z31/AA31 -> 0.6
A32: 31 | B32: HFL | C32: Tin (Nos) | D32: 0 | E32: 928 | G32: 0 | H32: 0 | I32: 928 | J32: 0 | K32: 928 | L32: 0 | M32: 928 | N32: 0 | O32: 1028 | P32: 0 | Q32: 1028 | R32: 0 | S32: 1028 | T32: 0 | U32: 1028 | V32: 0 | W32: 1028 | X32: =T32-V32 -> 0 | Z32: =(H32+X32)-Y32 -> 0 | AA32: 0 | AB32: =Z32/AA32 -> #DIV/0!
D33: =SUM(D4:D32) -> 604398 | F33: =SUM(F4:F31) -> 574621 | H33: =SUM(H4:H32) -> 596079 | I33: =SUM(I4:I32) -> 43878.5 | J33: =SUM(J4:J32) -> 691943.2 | K33: =SUM(K4:K32) -> 46461.5 | L33: =SUM(L4:L32) -> 684020.2 | M33: =SUM(M4:M32) -> 46340.5 | N33: =SUM(N4:N32) -> 656905 | O33: =SUM(O4:O32) -> 46367.5 | ... W33: =SUM(W4:W32) -> 46734.5 | Z33: =SUM(Z4:Z32) -> 576273.6 | AA33: =SUM(AA5:AA32) -> 41170.139 | AD33: =33994-10500 -> 23494 | AE33: =X33-AD33 -> -23494
E35: =D33-F33 -> 29777 | F35: =X33-E35 -> -29777

Sheet SHL-B
A1: 20/11/2025 Opening Date
D2: Opening Date:23/10/25 | F2: Opening Date:20/11/25 | H2: Opening Date:25/12/25 | J2: Opening Date:15/01/26 | L2: Opening Date:29/01/26 | N2: Opening Date:05/02/26 | P2: Opening Date:12/02/26 | R2: Opening Date:26/02/26 | T2: All Week | U2: All Week | V2: Stock Cheek
A3: Si | B3: Project Name | C3: Matarials Name | D3: Opening QTY | E3: Opening NOS | F3: Opening QTY | G3: Opening NOS | H3: Opening QTY | I3: Opening nos | J3: Opening QTY | K3: Opening nos | L3: Opening QTY | M3: Opening nos | N3: Opening QTY | O3: Opening nos | P3: Opening QTY | Q3: Opening nos | R3: Opening QTY | S3: Opening nos | T3: Transfer In | U3: Transfer Out | V3: Blance | W3: Nos | X3: Unit
A4: 1 | B4: SHL-B | C4: Steel shutter - various size | D4: 1635 | E4: 0 | F4: 2435 | G4: 0 | H4: 13125 | I4: 0 | J4: 13125 | K4: 0 | L4: 15317 | M4: 0 | N4: 15317 | O4: 0 | P4: 15317 | Q4: 0 | R4: 15076 | S4: 378 | T4: =P4-R4 -> 241 | V4: 0
A5: 2 | B5: SHL-B | C5: Steel props | D5: 0 | E5: 0 | F5: 0 | G5: 0 | H5: 0 | I5: 0 | J5: 0 | K5: 0 | L5: 6631 | M5: 349 | N5: 6631 | O5: 349 | P5: 6631 | Q5: 349 | R5: =5214+4940 -> 10154 | S5: 260=up-378 | T5: =P5-R5 -> -3523 | V5: =(F5+T5)-U5 -> -3523 | W5: =V5/19 -> -185.42105
A6: 3 | B6: SHL-B | C6: Scaffolding long | D6: 740 | E6: 0 | F6: 740 | G6: 20 | H6: 1221 | I6: 0 | J6: 1221 | K6: 0 | L6: 1147 | M6: 0 | N6: 1147 | O6: 0 | P6: 1147 | Q6: 0 | R6: 1332 | S6: 36 | T6: =P6-R6 -> -185 | V6: =(F6+T6)-U6 -> 555 | W6: =V6/37 -> 15
A7: 4 | B7: SHL-B | C7: Scaffoding short | D7: 0 | E7: 0 | F7: 0 | G7: 0 | H7: 0 | I7: 0 | J7: 0 | K7: 0 | L7: 0 | M7: 0 | N7: 0 | O7: 0 | P7: 0 | Q7: 0 | R7: 0 | S7: 0 | T7: =P7-R7 -> 0 | V7: =(F7+T7)-U7 -> 0
A8: 5 | B8: SHL-B | C8: Cross bar | D8: 200 | E8: 40 | F8: 200 | G8: 40 | H8: 200 | I8: 40 | J8: 200 | K8: 40 | L8: 200 | M8: 40 | N8: 200 | O8: 40 | P8: 200 | Q8: 40 | R8: 800 | S8: 40 | T8: =P8-R8 -> -600 | V8: =(F8+T8)-U8 -> -400 | W8: =V8/5 -> -80
A9: 6 | B9: SHL-B | C9: Joint pin | D9: 48 | E9: 80 | F9: 48 | G9: 80 | H9: 48 | I9: 80 | J9: 48 | K9: 80 | L9: 48 | M9: 80 | N9: 48 | O9: 80 | P9: 48 | Q9: 80 | R9: 78 | S9: 80 | T9: =P9-R9 -> -30 | V9: =(F9+T9)-U9 -> 18 | W9: =V9/0.6 -> 30
A10: 8 | B10: SHL-B | C10: Adjustable Base Jack | D10: 0 | E10: 0 | F10: 90 | G10: 18 | H10: 90 | I10: 18 | J10: 90 | K10: 18 | L10: 90 | M10: 18 | N10: 90 | O10: 18 | P10: 90 | Q10: 18 | R10: 90 | S10: 18 | T10: =P10-R10 -> 0 | V10: =(F10+T10)-U10 -> 90 | W10: =V10/5 -> 18
A11: 9 | B11: SHL-B | C11: U head | D11: 0 | E11: 0 | F11: 640 | G11: 128 | H11: 7285 | I11: 1457 | J11: 7285 | K11: 1457 | L11: 7430 | M11: 1486 | N11: 7430 | O11: 1486 | P11: 7430 | Q11: 1486 | R11: 6880 | S11: 1376 | T11: =P11-R11 -> 550 | V11: =(F11+T11)-U11 -> 1190 | W11: =V11/5 -> 238
A12: 10 | B12: SHL-B | C12: Base plate | D12: 0 | E12: 0 | F12: 0 | G12: 0 | H12: 0 | I12: 0 | J12: 0 | K12: 0 | L12: 0 | M12: 0 | N12: 0 | O12: 0 | P12: 0 | Q12: 0 | R12: 0 | S12: 0 | T12: =P12-R12 -> 0 | V12: =(F12+T12)-U12 -> 0 | W12: =V12/5 -> 0
A13: 11 | B13: SHL-B | C13: MS angle 1.5"*1.5" | D13: 0 | E13: 0 | F13: 0 | G13: 0 | H13: 0 | I13: 0 | J13: 0 | K13: 0 | L13: 0 | M13: 0 | N13: 0 | O13: 0 | P13: 0 | Q13: 0 | R13: 0 | S13: 0 | T13: =P13-R13 -> 0 | V13: =(F13+T13)-U13 -> 0 | W13: =V13/5 -> 0
A14: 12 | B14: SHL-B | C14: MS angle 2"*2" | D14: 0 | E14: 0 | F14: 0 | G14: 0 | H14: 300 | I14: 0 | J14: 300 | K14: 0 | L14: 300 | M14: 50 | N14: 300 | O14: 50 | P14: 300 | Q14: 50 | R14: 444 | S14: 50 | T14: =P14-R14 -> -144 | V14: =(F14+T14)-U14 -> -144 | W14: =V14/5 -> -28.8
A15: 14 | B15: SHL-B | C15: MS Stiffener | D15: 0 | E15: 0 | F15: 0 | G15: 0 | I15: 0 | K15: 0 | L15: 0 | M15: 0 | N15: 0 | O15: 0 | P15: 0 | Q15: 0 | R15: 0 | S15: 0 | T15: =P15-R15 -> 0 | V15: =(F15+T15)-U15 -> 0 | W15: =V15/5 -> 0
A16: 15 | B16: SHL-B | C16: I-joist | D16: 1072 | E16: 0 | F16: 1072 | G16: 0 | H16: 1072 | I16: 0 | J16: 1072 | K16: 0 | L16: 1072 | M16: 0 | N16: 1072 | O16: 0 | P16: 1072 | Q16: 0 | R16: 2322 | S16: 0 | T16: =P16-R16 -> -1250 | V16: =(F16+T16)-U16 -> -178 | W16: =V16/67 -> -2.6567164
A17: 16 | B17: SHL-B | C17: Ms.sheet | D17: 2272 | E17: 70 | F17: 3037 | G17: 95 | H17: 3037 | I17: 95 | J17: 3037 | K17: 95 | L17: 2969 | M17: 91 | N17: 2969 | O17: 91 | P17: 2969 | Q17: 91 | R17: 2187 | S17: 95 | T17: =P17-R17 -> 782 | V17: =(F17+T17)-U17 -> 3819 | W17: =V17/17 -> 224.64706
A18: 17 | B18: SHL-B | C18: Shutter Grill | D18: 0 | E18: 0 | F18: 0 | G18: 0 | H18: 0 | I18: 0 | J18: 0 | K18: 0 | L18: 0 | M18: 0 | N18: 0 | O18: 0 | P18: 0 | Q18: 0 | R18: 0 | S18: 0 | T18: =P18-R18 -> 0 | V18: =(F18+T18)-U18 -> 0 | W18: =V18/5 -> 0
A19: 18 | B19: SHL-B | C19: Hollow box 1.5" x 1.5" | D19: 4441 | E19: 0 | F19: 7010 | G19: 0 | H19: 8408 | I19: 0 | J19: 8408 | K19: 0 | L19: 8408 | M19: 0 | N19: 8408 | O19: 0 | P19: 8408 | Q19: 0 | R19: 10684 | S19: 0 | T19: =P19-R19 -> -2276 | V19: =(F19+T19)-U19 -> 4734 | W19: 0
A20: 19 | B20: SHL-B | C20: Hollow box 3" x 3" | D20: 1805 | E20: 0 | F20: 3405 | G20: 0 | H20: 8170 | I20: 0 | J20: 8170 | K20: 0 | L20: 8178 | M20: 0 | N20: 8178 | O20: 0 | P20: 8178 | Q20: 0 | R20: 8498 | S20: 0 | T20: =P20-R20 -> -320 | V20: =(F20+T20)-U20 -> 3085 | W20: 0
A21: 20 | B21: SHL-B | C21: Hollow box 1" x 1.5" | D21: 0 | E21: 0 | F21: 0 | G21: 0 | H21: 0 | I21: 0 | J21: 0 | K21: 0 | L21: 0 | M21: 0 | N21: 0 | O21: 0 | P21: 0 | Q21: 0 | R21: 0 | S21: 0 | T21: =P21-R21 -> 0 | V21: =(F21+T21)-U21 -> 0 | W21: =V21/5 -> 0
A22: 21 | B22: SHL-B | C22: MS pipe 1” | D22: 0 | E22: 0 | F22: 0 | G22: 0 | H22: 0 | I22: 0 | J22: 0 | K22: 0 | L22: 0 | M22: 0 | N22: 0 | O22: 0 | P22: 0 | Q22: 0 | R22: 0 | S22: 0 | T22: =P22-R22 -> 0 | V22: =(F22+T22)-U22 -> 0 | W22: =V22/5 -> 0
A23: 22 | B23: SHL-B | C23: MS pipe 1.5" | D23: 433 | E23: 0 | F23: 733 | G23: 0 | H23: 2862 | I23: 0 | J23: 2862 | K23: 0 | L23: 3826 | M23: 0 | N23: 3826 | O23: 0 | P23: 3826 | Q23: 0 | R23: 3756 | S23: 0 | T23: =P23-R23 -> 70 | V23: =(F23+T23)-U23 -> 803 | W23: 0
A24: 23 | B24: SHL-B | C24: MS pipe 1.75” | D24: 0 | E24: 0 | F24: 0 | G24: 0 | H24: 0 | I24: 0 | J24: 0 | K24: 0 | L24: 0 | M24: 0 | N24: 0 | O24: 0 | P24: 0 | Q24: 0 | R24: 0 | S24: 0 | T24: =P24-R24 -> 0 | V24: =(F24+T24)-U24 -> 0 | W24: 0
A25: 24 | B25: SHL-B | C25: MS pipe 2" | D25: 0 | E25: 0 | F25: 0 | G25: 0 | H25: 0 | I25: 0 | J25: 0 | K25: 0 | L25: 0 | M25: 0 | N25: 0 | O25: 0 | P25: 0 | Q25: 0 | R25: 0 | S25: 0 | T25: =P25-R25 -> 0 | V25: =(F25+T25)-U25 -> 0 | W25: =V25/5 -> 0
A26: 25 | B26: SHL-B | C26: MS pipe 2.5" | D26: 0 | E26: 0 | F26: 0 | G26: 0 | H26: 0 | I26: 0 | J26: 0 | K26: 0 | L26: 0 | M26: 0 | N26: 0 | O26: 0 | P26: 0 | Q26: 0 | R26: 0 | S26: 0 | T26: =P26-R26 -> 0 | V26: =(F26+T26)-U26 -> 0 | W26: =V26/5 -> 0
A27: 26 | B27: SHL-B | C27: Thread Rod | D27: 0 | E27: 0 | F27: 0 | G27: 0 | H27: 0 | I27: 0 | J27: 0 | K27: 0 | L27: 0 | M27: 0 | N27: 0 | O27: 0 | P27: 0 | Q27: 0 | R27: 0 | S27: 0 | T27: =P27-R27 -> 0 | V27: =(F27+T27)-U27 -> 0 | W27: =V27/5 -> 0
A28: 27 | B28: SHL-B | C28: Nut, Bolt & Washer | D28: 10 | E28: 0 | F28: 10 | G28: 0 | H28: 175 | I28: 0 | J28: 175 | K28: 0 | L28: 175 | M28: 0 | N28: 175 | O28: 0 | P28: 175 | Q28: 0 | R28: 175 | S28: 0 | T28: =P28-R28 -> 0 | V28: =(F28+T28)-U28 -> 10 | W28: 0
A29: 28 | B29: SHL-B | C29: T bolt (Nos) | D29: 0 | E29: 0 | F29: 0 | G29: 0 | H29: 0 | I29: 0 | J29: 0 | K29: 0 | L29: 0 | M29: 0 | N29: 0 | O29: 0 | P29: 0 | Q29: 0 | R29: 0 | S29: 0 | T29: =P29-R29 -> 0 | V29: =(F29+T29)-U29 -> 0 | W29: =V29/5 -> 0
A30: 29 | B30: SHL-B | C30: Trun bolt (Nos) | D30: 0 | E30: 0 | F30: 0 | G30: 0 | H30: =I30*1.4 -> 278.6 | I30: 199 | J30: =K30*1.4 -> 243.6 | K30: 174 | L30: 243.6 | M30: 174 | N30: 243.6 | O30: 174 | P30: 243.6 | Q30: 174 | R30: =S30*1.4 -> 243.6 | S30: 174 | T30: =P30-R30 -> 0 | V30: =(F30+T30)-U30 -> 0 | W30: =V30/5 -> 0
A31: 30 | B31: SHL-B | C31: C- clamp (Nos) | D31: 0 | E31: 0 | F31: 0 | G31: 0 | H31: 0 | I31: 0 | J31: 0 | K31: 0 | L31: 0 | M31: 0 | N31: 0 | O31: 0 | P31: 0 | Q31: 0 | R31: 0 | S31: 0 | T31: =P31-R31 -> 0 | V31: =(F31+T31)-U31 -> 0 | W31: =V31/5 -> 0
A32: 31 | B32: SHL-B | C32: Pikon (Nos) | D32: 0 | E32: 0 | F32: 0 | G32: 0 | H32: 0 | I32: 0 | J32: 0 | K32: 0 | L32: 0 | M32: 0 | N32: 0 | O32: 0 | P32: 0 | Q32: 0 | R32: 0 | S32: 0 | T32: =P32-R32 -> 0 | V32: =(F32+T32)-U32 -> 0 | W32: =V32/5 -> 0
A33: 32 | B33: SHL-B | C33: Swivel clamp (Nos) | D33: 0 | E33: 0 | F33: 0 | G33: 0 | H33: 0 | I33: 0 | J33: 0 | K33: 0 | L33: 278 | M33: 497 | N33: 278 | O33: 497 | P33: 278 | Q33: 497 | R33: 538 | S33: 929 | T33: =P33-R33 -> -260 | V33: =(F33+T33)-U33 -> -260 | W33: =V33/5 -> -52
A34: 33 | B34: SHL-B | C34: Ring Clamp (Nos) | D34: 0 | E34: 0 | F34: 0 | G34: 0 | H34: 0 | I34: 0 | J34: 0 | K34: 0 | L34: 0 | M34: 0 | N34: 0 | O34: 0 | P34: 0 | Q34: 0 | R34: 0 | S34: 0 | T34: =P34-R34 -> 0 | V34: =(F34+T34)-U34 -> 0 | W34: =V34/5 -> 0
A35: 34 | B35: SHL-B | C35: Safety truss | D35: 0 | F35: 0 | G35: 0 | H35: 0 | I35: 0 | J35: 0 | K35: 0 | L35: 0 | M35: 0 | N35: 0 | O35: 0 | P35: 0 | Q35: 0 | R35: 0 | S35: 0 | T35: =P35-R35 -> 0 | V35: =(F35+T35)-U35 -> 0 | W35: =V35/5 -> 0
A36: 35 | B36: SHL-B | C36: Cross Bar Pin | D36: 0 | E36: 0 | F36: 0 | H36: 0 | I36: 0 | J36: 0 | K36: 0 | L36: 0 | M36: 0 | N36: 0 | O36: 0 | P36: 0 | Q36: 0 | R36: 0 | S36: 0 | T36: =P36-R36 -> 0 | V36: =(F36+T36)-U36 -> 0 | W36: =V36/5 -> 0
A37: 36 | B37: SHL-B | C37: Plain U-Head | D37: 0 | E37: 0 | F37: 0 | G37: 0 | H37: 0 | I37: 0 | J37: 0 | K37: 0 | L37: 0 | M37: 0 | N37: 0 | O37: 0 | P37: 0 | Q37: 0 | R37: 0 | S37: 0 | T37: =P37-R37 -> 0 | V37: =(F37+T37)-U37 -> 0 | W37: =V37/5 -> 0
A38: 37 | B38: SHL-B | C38: Roofing Screw | D38: 0 | F38: 0 | G38: 0 | H38: 0 | I38: 0 | J38: 0 | K38: 0 | L38: 0 | M38: 0 | N38: 0 | O38: 0 | P38: 0 | Q38: 0 | R38: 0 | S38: 0 | T38: =P38-R38 -> 0 | V38: =(F38+T38)-U38 -> 0 | W38: =V38/5 -> 0
A39: 38 | B39: SHL-B | C39: Royel Bolt | D39: 0 | E39: 0 | F39: 0 | G39: 0 | H39: 0 | I39: 0 | J39: 0 | K39: 0 | L39: 0 | M39: 0 | N39: 0 | O39: 0 | P39: 0 | Q39: 0 | R39: 0 | S39: 0 | V39: =(F39+T39)-U39 -> 0 | W39: =V39/5 -> 0
A40: 39 | B40: SHL-B | C40: Tin (Nos) | E40: 100 | G40: 240 | H40: 0 | I40: 240 | J40: 0 | K40: 240 | L40: 0 | M40: 240 | N40: 0 | O40: 240 | P40: 0 | Q40: 240 | R40: 0 | S40: 240 | V40: =(F40+T40)-U40 -> 0 | W40: 240
D41: =SUM(D4:D40) -> 12656 | F41: =SUM(F4:F40) -> 19420 | G41: =SUM(G4:G40) -> 621 | H41: =SUM(H4:H40) -> 46271.6 | I41: =SUM(I4:I40) -> 2129 | J41: =SUM(J4:J40) -> 46236.6 | K41: =SUM(K4:K40) -> 2104 | L41: =SUM(L4:L40) -> 56312.6 | M41: =SUM(M4:M40) -> 3025 | ... R41: =SUM(R4:R40) -> 63257.6 | V41: =SUM(V4:V40) -> 9799 | W41: =V41/5 -> 1959.8
H42: 45993
H43: =H41-H42 -> 278.6

Sheet Mawna
A2: 20/11/2025 Opening Date
D3: Site Stock Reporit Date:23/10/25 | F3: Site Stock Reporit Date:30/10/25 | H3: Site Stock Reporit Date:20/11/25 | J3: Site Stock Reporit Date:25/12/25 | L3: Site Stock Reporit Date:01/01/26 | N3: Site Stock Reporit Date:15/01/26 | P3: Site Stock Reporit Date:29/01/26 | R3: Site Stock Reporit Date:05/02/26 | T3: Site Stock Reporit Date:12/02/26 | V3: Site Stock Reporit Date:26/02/26 | X3: All Week | Y3: All Week | Z3: Stock Cheek
A4: Si | B4: Project Name | C4: Matarials Name | D4: Opening QTY | E4: Opening nos | F4: Opening QTY | G4: Opening nos | H4: Opening QTY | I4: Opening nos | J4: Opening QTY | K4: Opening nos | L4: Opening QTY | M4: Opening nos | N4: Opening QTY | O4: Opening nos | P4: Opening QTY | Q4: Opening nos | R4: Opening QTY | S4: Opening nos | T4: Opening QTY | U4: Opening nos | V4: Opening QTY | W4: Opening nos | X4: Transfer In | Y4: Transfer Out | Z4: Blance | AA4: Nos | AB4: Whight Kg
A5: 1 | B5: Mawna-WH | C5: Steel shutter - various size | D5: 178318.68 | E5: 0 | F5: 179933.68 | G5: 0 | H5: 174903.68 | I5: 0 | J5: 136304.68 | K5: 0 | L5: 136504.68 | M5: 0 | N5: 140111.68 | O5: 0 | P5: 134381.68 | Q5: 0 | R5: 135304.18 | S5: 0 | T5: 135304.18 | U5: 0 | V5: 147077.18 | W5: 0 | X5: =L5-N5 -> -3607 | Y5: =P5-R5 -> -922.5 | Z5: =(H5+X5)-Y5 -> 172219.18 | AB5: =Z5/AA5 -> #DIV/0!
A6: 2 | B6: Mawna-WH | C6: Steel props | D6: 40090.5 | E6: 1967 | F6: 38521 | G6: 1850 | H6: 28641 | I6: 1330 | J6: 27295.5 | K6: 1253 | L6: 27333 | M6: 1255 | N6: 31081 | O6: 1360 | P6: 31206 | Q6: 1365 | R6: 32423.5 | S6: 1422 | T6: 32423.5 | U6: 1422 | V6: 34931.5 | W6: 1546 | X6: =L6-N6 -> -3748 | Y6: =P6-R6 -> -1217.5 | Z6: =(H6+X6)-Y6 -> 26110.5 | AA6: =Z6/19 -> 1374.2368 | AB6: =Z6/AA6 -> 19
A7: 3 | B7: Mawna-WH | C7: Scaffolding long | D7: 154156.1 | E7: 4174.5 | F7: 155507.6 | G7: 4034 | H7: 151289.6 | I7: 4097 | J7: 152177.6 | K7: 4121 | L7: 155914.6 | M7: 4222 | N7: 158726.6 | O7: 4304 | P7: 159207.6 | Q7: 4317 | R7: 159318.6 | S7: 4320 | T7: 159318.6 | U7: 4320 | V7: 163388.6 | W7: 4430 | X7: =L7-N7 -> -2812 | Y7: =P7-R7 -> -111 | Z7: =(H7+X7)-Y7 -> 148588.6 | AA7: =Z7/37 -> 4015.9081 | AB7: =Z7/AA7 -> 37
A8: 4 | B8: Mawna-WH | C8: Scaffoding short | D8: 3655 | E8: 215 | F8: 3655 | G8: 215 | H8: 4029 | I8: 237 | J8: 4080 | K8: 240 | L8: 4335 | M8: 255 | N8: 4760 | O8: 297 | P8: 5372 | Q8: 333 | R8: 5372 | S8: 333 | T8: 5372 | U8: 333 | V8: 5372 | W8: 333 | X8: =L8-N8 -> -425 | Y8: =P8-R8 -> 0 | Z8: =(H8+X8)-Y8 -> 3604 | AA8: =Z8/17 -> 212 | AB8: =Z8/AA8 -> 17
A9: 5 | B9: Mawna-WH | C9: Cross bar | D9: 41562.5 | E9: 7824 | F9: 41837.5 | G9: 7879 | H9: 39187.5 | I9: 7349 | J9: 41617.5 | K9: 7835 | L9: 41637.5 | M9: 7839 | N9: 41692.5 | O9: 7850 | P9: 43557.5 | Q9: 8223 | R9: 43557.5 | S9: 8223 | T9: 43557.5 | U9: 8223 | V9: 43392.5 | W9: 8190 | X9: =L9-N9 -> -55 | Y9: =P9-R9 -> 0 | Z9: =(H9+X9)-Y9 -> 39132.5 | AA9: =Z9/5 -> 7826.5 | AB9: =Z9/AA9 -> 5
A10: 6 | B10: Mawna-WH | C10: Joint pin | D10: 4622.18 | E10: 7698 | F10: 4388.18 | G10: 7308 | H10: 4298.18 | I10: 7158 | J10: 3777.38 | K10: 6283.2 | L10: 3809.38 | M10: 6336.2 | N10: 3820.78 | O10: 6355.2 | P10: 3820.78 | Q10: 6355.2 | R10: 3820.78 | S10: 6355.2 | T10: 3820.78 | U10: 6355.2 | V10: 3388.88 | W10: 5635.2 | X10: =L10-N10 -> -11.4 | Y10: =P10-R10 -> 0 | Z10: =(H10+X10)-Y10 -> 4286.78 | AA10: =Z10/0.6 -> 7144.6333 | AB10: =Z10/AA10 -> 0.6
A11: 7 | B11: Mawna-WH | C11: Adjustable Base Jack | D11: 9943 | E11: 2029 | F11: 9943 | G11: 2029 | H11: 5518 | I11: 1104 | J11: 5193 | K11: 1033 | L11: 5193 | M11: 1033 | N11: 6098 | O11: 1214 | P11: 7798 | Q11: 1554 | R11: 7798 | S11: 1554 | T11: 7798 | U11: 1554 | V11: 8583 | W11: 1711 | X11: =L11-N11 -> -905 | Y11: =P11-R11 -> 0 | Z11: =(H11+X11)-Y11 -> 4613 | AA11: =Z11/5 -> 922.6 | AB11: =Z11/AA11 -> 5
A12: 8 | B12: Mawna-WH | C12: U head | D12: 32768 | E12: 6559 | F12: 32773 | G12: 6559 | H12: 29088 | I12: 6025 | J12: 20028 | K12: 4011 | L12: 20028 | M12: 4011 | N12: 20128 | O12: 4031 | P12: 18678 | Q12: 3741 | R12: 17148 | S12: 3435 | T12: 17148 | U12: 3435 | V12: 15088 | W12: 3023 | X12: =L12-N12 -> -100 | Y12: =P12-R12 -> 1530 | Z12: =(H12+X12)-Y12 -> 27458 | AA12: =Z12/5 -> 5491.6 | AB12: =Z12/AA12 -> 5
A13: 9 | B13: Mawna-WH | C13: Base plate | D13: 1006.5 | E13: 1301 | F13: 1006.5 | G13: 1301 | H13: 1006.5 | I13: 1303 | J13: 716.1 | K13: 940 | L13: 716.1 | M13: 940 | N13: 716.9 | O13: 941 | P13: =Q13*0.8 -> 32.8 | Q13: 41 | R13: 32.8 | S13: 41 | T13: 32.8 | U13: 41 | V13: 12.9 | W13: 61 | X13: =L13-N13 -> -0.8 | Y13: =P13-R13 -> 0 | Z13: =(H13+X13)-Y13 -> 1005.7 | AA13: =Z13/0.8 -> 1257.125 | AB13: =Z13/AA13 -> 0.8
A14: 10 | B14: Mawna-WH | C14: MS angle 1.5"*1.5" | D14: 7544.5 | E14: 0 | F14: 7544.5 | G14: 0 | H14: 7544.5 | I14: 0 | J14: 6430.5 | K14: 0 | L14: 6430.5 | M14: 0 | N14: 6455.4 | O14: 0 | P14: 6455.4 | Q14: 0 | R14: 6455.4 | S14: 0 | T14: 6455.4 | U14: 0 | V14: 6455.4 | X14: =L14-N14 -> -24.9 | Y14: =P14-R14 -> 0 | Z14: =(H14+X14)-Y14 -> 7519.6 | AA14: 0 | AB14: =Z14/AA14 -> #DIV/0!
A15: 11 | B15: Mawna-WH | C15: MS angle 2"*2" | D15: 15502 | E15: 0 | F15: 15520 | G15: 0 | H15: 13382 | I15: 0 | J15: 10012 | K15: 0 | L15: 10032 | M15: 0 | N15: 10212 | O15: 0 | P15: 8598 | Q15: 0 | R15: 8738 | S15: 0 | T15: 8738 | U15: 0 | V15: 8408 | X15: =L15-N15 -> -180 | Y15: =P15-R15 -> -140 | Z15: =(H15+X15)-Y15 -> 13342 | AA15: 0 | AB15: =Z15/AA15 -> #DIV/0!
A16: 12 | B16: Mawna-WH | C16: I-joist | D16: 67 | E16: 0 | F16: 67 | G16: 0 | H16: 67 | I16: 0 | J16: 67 | K16: 1 | L16: 67 | M16: 1 | N16: 67 | O16: 1 | P16: 67 | Q16: 1 | R16: 67 | S16: 1 | T16: 67 | U16: 1 | V16: 67 | X16: =L16-N16 -> 0 | Y16: =P16-R16 -> 0 | Z16: =(H16+X16)-Y16 -> 67 | AA16: 0 | AB16: =Z16/AA16 -> #DIV/0!
A17: 13 | B17: Mawna-WH | C17: Ms.sheet | D17: 39340.5 | E17: 2140.5 | F17: 40020.5 | G17: 2140.5 | H17: 40105.5 | I17: 2185.5 | J17: 31771.5 | K17: 1714.5 | L17: 32220 | M17: 1742.5 | N17: 34806 | O17: 1894.5 | P17: 34806 | Q17: 1894 | R17: 34806 | S17: 1894.5 | T17: 34806 | U17: 1894.5 | V17: 32596 | W17: 1764.5 | X17: =L17-N17 -> -2586 | Y17: =P17-R17 -> 0 | Z17: =(H17+X17)-Y17 -> 37519.5 | AA17: =Z17/17 -> 2207.0294 | AB17: =Z17/AA17 -> 17
A18: 14 | B18: Mawna-WH | C18: Shutter Grill | D18: 4320 | E18: 240 | F18: 4320 | G18: 240 | H18: 4320 | I18: 240 | J18: 4320 | K18: 240 | L18: 4320 | M18: 240 | N18: 4320 | O18: 240 | P18: 4320 | Q18: 240 | R18: 4320 | S18: 240 | T18: 4320 | U18: 240 | V18: 4320 | W18: 240 | X18: =L18-N18 -> 0 | Y18: =P18-R18 -> 0 | Z18: =(H18+X18)-Y18 -> 4320 | AA18: =Z18/17 -> 254.11765 | AB18: =Z18/AA18 -> 17
A19: 15 | B19: Mawna-WH | C19: Hollow box 1.5" x 1.5" | D19: 74104.6 | E19: 0 | F19: 74304.6 | G19: 0 | H19: 62914.6 | I19: 0 | J19: 47224.6 | K19: 0 | L19: 49897.1 | M19: 0 | N19: 50327 | O19: 0 | P19: 46503.1 | Q19: 0 | R19: 44033.1 | S19: 0 | T19: 44033.1 | U19: 0 | V19: 42633.1 | X19: =L19-N19 -> -429.9 | Y19: =P19-R19 -> 2470 | Z19: =(H19+X19)-Y19 -> 60014.7 | AA19: 0 | AB19: =Z19/AA19 -> #DIV/0!
A20: 16 | B20: Mawna-WH | C20: Hollow box 3" x 3" | D20: 53001.8 | E20: 0 | F20: 53021.8 | G20: 0 | H20: 42533.8 | I20: 0 | J20: 21090.8 | K20: 0 | L20: 21965.8 | M20: 0 | N20: 24032.8 | O20: 0 | P20: 24235.8 | Q20: 0 | R20: 25384.8 | S20: 0 | T20: 25384.8 | U20: 0 | V20: 24961.8 | X20: =L20-N20 -> -2067 | Y20: =P20-R20 -> -1149 | Z20: =(H20+X20)-Y20 -> 41615.8 | AA20: 0 | AB20: =Z20/AA20 -> #DIV/0!
A21: 17 | B21: Mawna-WH | C21: MS pipe 1.5" | D21: 1550 | E21: 0 | F21: 2600 | G21: 0 | H21: 2750 | I21: 0 | J21: 3140 | K21: 0 | L21: 3140 | M21: 0 | N21: 3140 | O21: 0 | P21: 3140 | Q21: 0 | R21: 3140 | S21: 0 | T21: 3140 | U21: 0 | V21: 3140 | X21: =L21-N21 -> 0 | Y21: =P21-R21 -> 0 | Z21: =(H21+X21)-Y21 -> 2750 | AA21: 0 | AB21: =Z21/AA21 -> #DIV/0!
A22: 18 | B22: Mawna-WH | C22: MS pipe 1.75” | D22: 11195 | E22: 0 | F22: 11445 | G22: 0 | H22: 13380 | I22: 0 | J22: 8221 | K22: 0 | L22: 8271 | M22: 0 | N22: 10766 | O22: 0 | P22: 10926 | Q22: 0 | R22: 11546 | S22: 0 | T22: 11546 | U22: 0 | V22: 10816 | X22: =L22-N22 -> -2495 | Y22: =P22-R22 -> -620 | Z22: =(H22+X22)-Y22 -> 11505 | AA22: 0 | AB22: =Z22/AA22 -> #DIV/0!
A23: 19 | B23: Mawna-WH | C23: MS pipe 2" | D23: 0 | E23: 0 | F23: 0 | G23: 0 | H23: 0 | I23: 0 | K23: 0 | M23: 0 | O23: 0 | Q23: 0 | S23: 0 | U23: 0 | V23: 0 | X23: =L23-N23 -> 0 | Y23: =P23-R23 -> 0 | Z23: =(H23+X23)-Y23 -> 0 | AA23: 0 | AB23: =Z23/AA23 -> #DIV/0!
A24: 20 | B24: Mawna-WH | C24: MS pipe 2.5" | D24: 4810 | E24: 0 | F24: 4810 | G24: 0 | H24: 4810 | I24: 0 | J24: 4810 | K24: 0 | L24: 4810 | M24: 0 | N24: 4810 | O24: 0 | P24: 4810 | Q24: 0 | R24: 4810 | S24: 0 | T24: 4810 | U24: 0 | V24: 4810 | X24: =L24-N24 -> 0 | Y24: =P24-R24 -> 0 | Z24: =(H24+X24)-Y24 -> 4810 | AA24: 0 | AB24: =Z24/AA24 -> #DIV/0!
A25: 21 | B25: Mawna-WH | C25: Thread Rod | D25: 140 | E25: 0 | F25: 140 | G25: 0 | H25: 140 | I25: 0 | J25: 210 | K25: 0 | L25: 210 | M25: 0 | N25: 210 | O25: 0 | P25: 210 | Q25: 0 | R25: 210 | S25: 0 | T25: 210 | U25: 0 | V25: 210 | X25: =L25-N25 -> 0 | Y25: =P25-R25 -> 0 | Z25: =(H25+X25)-Y25 -> 140 | AA25: 0 | AB25: =Z25/AA25 -> #DIV/0!
A26: 22 | B26: Mawna-WH | C26: Nut, Bolt & Washer | D26: 2255 | E26: 0 | F26: 2255 | G26: 0 | H26: 2255 | I26: 0 | J26: 1318 | K26: 0 | L26: 1318 | M26: 0 | N26: 1318 | O26: 0 | P26: 1318 | Q26: 0 | R26: 1318 | S26: 0 | T26: 1318 | U26: 0 | V26: 1338 | X26: =L26-N26 -> 0 | Y26: =P26-R26 -> 0 | Z26: =(H26+X26)-Y26 -> 2255 | AA26: 0 | AB26: =Z26/AA26 -> #DIV/0!
A27: 23 | B27: Mawna-WH | C27: T bolt (Nos) | D27: 0 | E27: 0 | F27: 0 | G27: 0 | H27: 0 | I27: 0 | K27: 34 | M27: 34 | N27: =O27*3 -> 102 | O27: 34 | P27: 102 | Q27: 34 | R27: =S27*3 -> 102 | S27: 34 | T27: =U27*3 -> 102 | U27: 34 | V27: 102 | W27: 34 | X27: =L27-N27 -> -102 | Y27: =P27-R27 -> 0 | Z27: =(H27+X27)-Y27 -> -102 | AA27: =Z27/19 -> -5.3684211 | AB27: =Z27/AA27 -> 19
A28: 24 | B28: Mawna-WH | C28: Trun bolt (Nos) | D28: =E28*1.4 -> 362.6 | E28: 259 | F28: =G28*1.4 -> 362.6 | G28: 259 | H28: 369.6 | I28: 264 | J28: 347.2 | K28: 248 | L28: 347.2 | M28: 248 | N28: =O28*1.4 -> 347.2 | O28: 248 | P28: 347.2 | Q28: 248 | R28: 347.2 | S28: 248 | T28: 347.2 | U28: 248 | V28: 347.2 | W28: 248 | X28: =L28-N28 -> 0 | Y28: =P28-R28 -> 0 | Z28: =(H28+X28)-Y28 -> 369.6 | AA28: =Z28/1.4 -> 264 | AB28: =Z28/AA28 -> 1.4
A29: 25 | B29: Mawna-WH | C29: C- clamp (Nos) | D29: =E29*0.4 -> 1029.6 | E29: 2574 | F29: =G29*0.4 -> 1029.6 | G29: 2574 | H29: 1041.6 | I29: 2604 | J29: 1321.6 | K29: 3304 | L29: 1321.6 | M29: 3304 | N29: =O29*0.4 -> 1321.6 | O29: 3304 | P29: 1321.6 | Q29: 3304 | R29: 1321.6 | S29: 3304 | T29: 1321.6 | U29: 3304 | V29: 1321.6 | W29: 3304 | X29: =L29-N29 -> 0 | Y29: =P29-R29 -> 0 | Z29: =(H29+X29)-Y29 -> 1041.6 | AA29: =Z29/0.4 -> 2604 | AB29: =Z29/AA29 -> 0.4
A30: 26 | B30: Mawna-WH | C30: Pikon (Nos) | D30: 0 | E30: 0 | F30: 0 | G30: 0 | H30: 0 | I30: 0 | J30: 0 | K30: 0 | M30: 0 | O30: 0 | P30: 0 | Q30: 0 | R30: 0 | S30: 0 | T30: 0 | U30: 0 | V30: 0 | W30: 0 | X30: =L30-N30 -> 0 | Y30: =P30-R30 -> 0 | Z30: =(H30+X30)-Y30 -> 0 | AA30: =Z30/19 -> 0 | AB30: =Z30/AA30 -> #DIV/0!
A31: 27 | B31: Mawna-WH | C31: Swivel clamp (Nos) | D31: =E31*0.6 -> 3255 | E31: 5425 | F31: =G31*0.6 -> 3255 | G31: 5425 | H31: 3279 | I31: 5465 | J31: 3067.8 | K31: 5113 | L31: 3176.4 | M31: 5294 | N31: =O31*0.6 -> 3194.4 | O31: 5324 | P31: 3194.4 | Q31: 5324 | R31: 3221.4 | S31: 5369 | T31: 3221.4 | U31: 5369 | V31: 3278.4 | W31: 5464 | X31: =L31-N31 -> -18 | Y31: =P31-R31 -> -27 | Z31: =(H31+X31)-Y31 -> 3288 | AA31: =Z31/0.6 -> 5480 | AB31: =Z31/AA31 -> 0.6
A32: 31 | B32: Mawna-WH | C32: Tin (Nos) | E32: 742 | I32: 742 | K32: 742 | M32: 742 | O32: 819 | P32: 0 | Q32: 819 | R32: 0 | S32: 819 | T32: 0 | U32: 819 | X32: =L32-N32 -> 0 | Y32: =P32-R32 -> 0 | Z32: =(H32+X32)-Y32 -> 0 | AA32: 742 | AB32: =Z32/AA32 -> 0
D33: =SUM(D5:D32) -> 684600.06 | E33: =SUM(E5:E32) -> 43148 | F33: =SUM(F5:F31) -> 688261.06 | H33: =SUM(H5:H32) -> 636854.06 | I33: =SUM(I5:I32) -> 40103.5 | J33: =SUM(J5:J32) -> 534541.76 | K33: =SUM(K5:K32) -> 37112.7 | L33: =SUM(L5:L32) -> 542997.86 | M33: =SUM(M5:M32) -> 37496.7 | N33: =SUM(N5:N32) -> 562564.86 | O33: =SUM(O5:O32) -> 38216.7 | ... X33: =SUM(X5:X32) -> -19567
P34: =554457.96 -> 554457.96 | R34: 554457.96 | AC34: =SUM(AC5:AC33) -> 0
P35: =P33-P34 -> -49.1 | R35: =R33-R34 -> 137.9

Sheet Ashulia
A1: 20/11/2025 Opening Date
D2: Opening Date:23/10/25 | F2: Opening Date:30/10/25 | H2: Opening Date:20/11/25 | J2: Opening Date:15/01/26 | L2: Opening Date:15/01/26 | N2: Opening Date:05/02/26 | P2: Opening Date:12/02/26 | R2: Opening Date:26/02/26 | T2: All Week | U2: All Week | V2: Stock Cheek
A3: Si | B3: Project Name | C3: Matarials Name | D3: Opening QTY | E3: Opening nos | F3: Opening QTY | G3: Opening nos | H3: Opening QTY | I3: Opening nos | J3: Opening QTY | K3: Opening nos | L3: Opening QTY | M3: Opening nos | N3: Opening QTY | O3: Opening nos | P3: Opening QTY | Q3: Opening nos | R3: Opening QTY | S3: Opening nos | T3: Transfer In | U3: Transfer out | V3: Blance | W3: Nos | X3: Whight Kg
A4: 1 | B4: Asuliya WH | C4: Steel shutter - various size | D4: 205266.28 | E4: 0 | F4: 201900.28 | G4: 0 | H4: 186841.28 | J4: 162795.58 | L4: 158985.58 | M4: 0 | N4: 148747.58 | P4: 149247.58 | R4: 143882.58 | S4: 0 | T4: 0 | U4: =4813+3600+7300+1426 -> 17139 | V4: =(H4+T4)-U4 -> 169702.28 | X4: =V4/W4 -> #DIV/0!
A5: 2 | B5: Asuliya WH | C5: Steel props | D5: 73229 | E5: 3643 | F5: 72877.5 | G5: 3643 | H5: 47985.5 | I5: 3643 | J5: 49727 | K5: 3643 | L5: 42659 | M5: 3643 | N5: 42384 | O5: 3643 | P5: 42616 | Q5: 3643 | R5: 43815 | S5: 3643 | T5: 0 | U5: 0 | V5: =(H5+T5)-U5 -> 47985.5 | W5: =V5/19 -> 2525.5526 | X5: =V5/W5 -> 19
A6: 3 | B6: Asuliya WH | C6: Scaffolding long | D6: =122067.8 -> 122067.8 | E6: 3173 | F6: 127177.8 | G6: 3173 | H6: 118408.8 | I6: 3075 | J6: 123762.3 | K6: 3218 | L6: 122115.8 | M6: 3174 | N6: 123188.8 | O6: 3204 | P6: 123225.8 | Q6: 3204 | R6: 119940.8 | S6: 3115 | T6: 0 | U6: =74 -> 74 | V6: =(H6+T6)-U6 -> 118334.8 | W6: =V6/37 -> 3198.2378 | X6: =V6/W6 -> 37
A7: 4 | B7: Asuliya WH | C7: Scaffoding short | D7: 7712.6 | E7: 457 | F7: 8239.6 | G7: 457 | H7: 5060.6 | I7: 301 | J7: 5494.1 | K7: 326 | L7: 6191.1 | M7: 367 | N7: 6191.1 | O7: 368 | P7: 6191.1 | Q7: 368 | R7: 5800.1 | S7: 344 | T7: 0 | U7: 0 | V7: =(H7+T7)-U7 -> 5060.6 | W7: =V7/17 -> 297.68235 | X7: =V7/W7 -> 17
A8: 5 | B8: Asuliya WH | C8: Cross bar | D8: 73896.5 | E8: 13260.5 | F8: 74176.5 | G8: 13260.5 | H8: 70741.5 | I8: 12629.5 | J8: 71791.5 | K8: 12840 | L8: 72041.5 | M8: 12889.5 | N8: 72891.5 | O8: 13060 | P8: 73041.5 | Q8: 13089.5 | R8: 71441.5 | S8: 12769.5 | U8: =500+285 -> 785 | V8: =(H8+T8)-U8 -> 69956.5 | W8: =V8/5 -> 13991.3 | X8: =V8/W8 -> 5
A9: 6 | B9: Asuliya WH | C9: Joint pin | D9: 6750.9 | E9: 11982.56 | F9: 6675.94 | G9: 11982.56 | H9: 6249.94 | I9: 11147.5 | J9: 6146.14 | K9: 10974 | L9: 6167.14 | M9: 11009 | N9: 6239.14 | O9: 11130 | P9: 6419.14 | Q9: 1151 | R9: 6137.14 | S9: 10959 | T9: 0 | U9: 240 | V9: =(H9+T9)-U9 -> 6009.94 | W9: =V9/0.6 -> 10016.567 | X9: =V9/W9 -> 0.6
A10: 7 | B10: Asuliya WH | C10: Adjustable Base Jack | D10: 3260.9 | E10: 532 | F10: 4985.9 | G10: 532 | H10: 4185.9 | I10: 717.18 | J10: 5395.9 | K10: 959 | L10: 5880.9 | M10: 1056 | N10: 6230.9 | O10: 1126 | P10: 6355.9 | Q10: 974.74 | R10: 5180.9 | S10: 916 | U10: 0 | V10: =(H10+T10)-U10 -> 4185.9 | W10: =V10/5 -> 837.18 | X10: =V10/W10 -> 5
A11: 8 | B11: Asuliya WH | C11: U head | D11: 26763.7 | E11: 4740 | F11: 24783.7 | G11: 4740 | H11: 21883.7 | I11: 3764.74 | J11: 8793.7 | K11: 1146 | L11: 5468.7 | M11: 481 | N11: 7468.7 | O11: 881 | P11: 7933.7 | Q11: 2410 | R11: 6503.7 | S11: 688 | T11: 0 | U11: =1000 -> 1000 | V11: =(H11+T11)-U11 -> 20883.7 | W11: =V11/5 -> 4176.74 | X11: =V11/W11 -> 5
A12: 9 | B12: Asuliya WH | C12: Base plate | D12: 3912.8 | E12: 5017 | F12: 3912 | G12: 5017 | H12: 3511.2 | I12: 4515 | J12: 1823.2 | K12: 2405 | L12: 1823.2 | M12: 2405 | N12: 1823.2 | O12: 2405 | P12: 1827.2 | Q12: 0 | R12: 1627.2 | S12: 2160 | T12: 0 | U12: 200 | V12: =(H12+T12)-U12 -> 3311.2 | W12: =V12/0.8 -> 4139 | X12: =V12/W12 -> 0.8
A13: 10 | B13: Asuliya WH | C13: MS angle 1.5"*1.5" | D13: 7126.4 | E13: 0 | F13: 7126.4 | G13: 0 | H13: 7126.4 | I13: 0 | J13: 7026.4 | K13: 0 | L13: 7026.4 | M13: 0 | N13: 7026.4 | O13: 0 | P13: 7026.4 | Q13: 0 | R13: 6090.4 | S13: 0 | T13: 0 | U13: 0 | V13: =(H13+T13)-U13 -> 7126.4 | W13: 0 | X13: =V13/W13 -> #DIV/0!
A14: 11 | B14: Asuliya WH | C14: MS angle 2"*2" | D14: 17002 | E14: 0 | F14: 15810 | G14: 0 | H14: 12512 | I14: 0 | J14: 8533 | K14: 0 | L14: 7700 | M14: 0 | N14: 7400 | O14: 0 | P14: 7700 | Q14: 0 | R14: 6770 | S14: 0 | T14: 0 | U14: =642+660 -> 1302 | V14: =(H14+T14)-U14 -> 11210 | W14: 0 | X14: =V14/W14 -> #DIV/0!
A15: 12 | B15: Asuliya WH | C15: I-joist | D15: 1263 | E15: 14 | F15: 1263 | G15: 14 | H15: 1263 | I15: 14.85 | J15: 1263 | K15: 14.85 | L15: 1263 | M15: 14.85 | N15: 1263 | O15: 14.85 | P15: 1263 | Q15: 14.85 | R15: 1263 | S15: 14.85 | T15: 0 | U15: 0 | V15: =(H15+T15)-U15 -> 1263 | W15: 0 | X15: =V15/W15 -> #DIV/0!
A16: 13 | B16: Asuliya WH | C16: Ms.sheet | D16: 130222 | E16: 0 | F16: 129651 | G16: 0 | H16: 118023 | I16: 0 | J16: 92032 | K16: 0 | L16: 90145 | M16: 0 | N16: 81737 | O16: 0 | P16: 81788 | Q16: 0 | R16: 78235 | S16: 0 | T16: 0 | U16: 1700 | V16: =(H16+T16)-U16 -> 116323 | W16: =V16/17 -> 6842.5294 | X16: =V16/W16 -> 17
A17: 14 | B17: Asuliya WH | C17: Shutter Grill | D17: 7993 | E17: 439 | F17: 7993 | G17: 439 | H17: 7993 | I17: 439 | J17: 7993 | K17: 439 | L17: 7993 | M17: 439 | N17: 7993 | O17: 439 | P17: 7993 | Q17: 439 | R17: 7993 | S17: 439 | U17: 0 | V17: =(H17+T17)-U17 -> 7993 | W17: =V17/17 -> 470.17647 | X17: =V17/W17 -> 17
A18: 15 | B18: Asuliya WH | C18: Hollow box 1.5" x 1.5" | D18: 78942 | E18: 0 | F18: 77862.75 | G18: 0 | H18: 65162.75 | I18: 0 | J18: 43644.75 | K18: 0 | L18: 41351.75 | M18: 0 | N18: 45391.75 | O18: 0 | P18: 46850.75 | Q18: 0 | R18: 36005.75 | S18: 0 | T18: 0 | U18: 0 | V18: =(H18+T18)-U18 -> 65162.75 | W18: 0 | X18: =V18/W18 -> #DIV/0!
A19: 16 | B19: Asuliya WH | C19: Hollow box 3" x 3" | D19: 52527.79 | E19: 0 | F19: 45163.79 | G19: 0 | H19: 43563.79 | I19: 0 | J19: 41134.79 | K19: 0 | L19: 40299.79 | M19: 0 | N19: 38999.79 | O19: 0 | P19: 39399.79 | Q19: 0 | R19: 36546.79 | S19: 0 | T19: 0 | U19: 0 | V19: =(H19+T19)-U19 -> 43563.79 | W19: 0 | X19: =V19/W19 -> #DIV/0!
A20: 17 | B20: Asuliya WH | C20: MS pipe 1.5" | D20: 13165.66 | E20: 0 | F20: 13165.66 | G20: 0 | H20: 13165.66 | I20: 0 | J20: 13165.66 | K20: 0 | L20: 13165.66 | M20: 0 | N20: 13165.66 | O20: 0 | P20: 13165.66 | Q20: 0 | R20: 13165.66 | S20: 0 | T20: 0 | U20: 0 | V20: =(H20+T20)-U20 -> 13165.66 | W20: 0 | X20: =V20/W20 -> #DIV/0!
A21: 18 | B21: Asuliya WH | C21: MS pipe 1.75” | D21: 48364.85 | E21: 0 | F21: 47364.85 | G21: 0 | H21: 47014.85 | I21: 0 | J21: 38414.85 | K21: 0 | L21: 33540.85 | M21: 0 | N21: 32040.85 | O21: 0 | P21: 32240.85 | Q21: 0 | R21: 32340.85 | S21: 0 | U21: =1450+1449 -> 2899 | V21: =(H21+T21)-U21 -> 44115.85 | W21: 0 | X21: =V21/W21 -> #DIV/0!
A22: 19 | B22: Asuliya WH | C22: MS pipe 2" | D22: 2544.75 | E22: 0 | F22: 2544.75 | G22: 0 | H22: 2544.75 | I22: 0 | J22: 2544.75 | K22: 0 | L22: 2544.75 | M22: 0 | N22: 2544.75 | O22: 0 | P22: 2544.75 | Q22: 0 | R22: 2544.75 | S22: 0 | T22: 0 | U22: 0 | V22: =(H22+T22)-U22 -> 2544.75 | W22: 0 | X22: =V22/W22 -> #DIV/0!
A23: 20 | B23: Asuliya WH | C23: MS pipe 2.5" | D23: 8013 | E23: 0 | F23: 8013 | G23: 0 | H23: 8013 | I23: 0 | J23: 9569 | K23: 0 | L23: 9569 | M23: 0 | N23: 9569 | O23: 0 | P23: 9569 | Q23: 0 | R23: 9569 | S23: 0 | T23: 0 | U23: 0 | V23: =(H23+T23)-U23 -> 8013 | W23: 0 | X23: =V23/W23 -> #DIV/0!
A24: 21 | B24: Asuliya WH | C24: Thread Rod | D24: 0 | E24: 0 | F24: 0 | G24: 0 | H24: 0 | I24: 0 | K24: 0 | L24: 0 | M24: 0 | N24: 0 | O24: 0 | P24: 0 | Q24: 0 | R24: 0 | S24: 0 | T24: 0 | U24: 0 | V24: =(H24+T24)-U24 -> 0 | W24: 0 | X24: =V24/W24 -> #DIV/0!
A25: 22 | B25: Asuliya WH | C25: Nut, Bolt & Washer | D25: 2928 | E25: 0 | F25: 2628 | G25: 0 | H25: 2628 | I25: 0 | J25: 2423 | K25: 0 | L25: 2423 | M25: 0 | N25: 2923 | O25: 0 | P25: 2923 | Q25: 0 | R25: 2923 | S25: 0 | U25: 0 | V25: =(H25+T25)-U25 -> 2628 | W25: 0 | X25: =V25/W25 -> #DIV/0!
A26: 23 | B26: Asuliya WH | C26: T bolt (Nos) | D26: =E26*3 -> 2829 | E26: 943 | F26: =G26*3 -> 2829 | G26: 943 | H26: 2829 | I26: 943 | J26: 2829 | K26: 943 | L26: 2829 | M26: 943 | N26: =O26*3 -> 2829 | O26: 943 | P26: 2829 | Q26: 943 | R26: 2829 | S26: 943 | T26: 0 | U26: 0 | V26: =(H26+T26)-U26 -> 2829 | W26: =V26/3 -> 943 | X26: =V26/W26 -> 3
A27: 24 | B27: Asuliya WH | C27: Trun bolt (Nos) | D27: =E27*1.4 -> 681.8 | E27: 487 | F27: =G27*1.4 -> 681.8 | G27: 487 | H27: 681.8 | I27: 487 | J27: 681.8 | K27: 487 | L27: 681.8 | M27: 487 | N27: 681.8 | O27: 487 | P27: 681.8 | Q27: 0 | R27: 681.8 | S27: 487 | T27: 0 | U27: 0 | V27: =(H27+T27)-U27 -> 681.8 | W27: =V27/1.4 -> 487 | X27: =V27/W27 -> 1.4
A28: 2225.2 | B28: Asuliya WH | C28: C- clamp (Nos) | D28: =E28*0.4 -> 2225.2 | E28: 5563 | F28: =G28*0.4 -> 2225.2 | G28: 5563 | H28: 2225.2 | I28: 5563 | J28: 2225.2 | K28: 5563 | L28: 2225.2 | M28: 5563 | N28: 2225.2 | O28: 5563 | P28: 2225.2 | Q28: 0 | R28: 2225.2 | S28: 5563 | T28: 3337.8 vull sujon | U28: 0 | V28: =(H28+T28)-U28 -> #VALUE! | W28: =V28/0.4 -> #VALUE! | X28: =V28/W28 -> #VALUE!
A29: 26 | B29: Asuliya WH | C29: Pikon (Nos) | D29: 0 | E29: 2050 | F29: 0 | G29: 2050 | H29: 0 | I29: 2050 | K29: 2050 | L29: 0 | M29: 2050 | N29: 0 | O29: 2050 | P29: 0 | Q29: 2050 | R29: 0 | S29: 2050 | U29: 0 | V29: =(H29+T29)-U29 -> 0 | W29: 2050 | X29: =V29/W29 -> 0
A30: 27 | B30: Asuliya WH | C30: Swivel clamp (Nos) | D30: =E30*0.6 -> 4994.4 | E30: 8324 | F30: =G30*0.6 -> 4778.4 | G30: 7964 | H30: 4598.4 | I30: 7664 | J30: 4603.2 | K30: 7672 | L30: 4183.2 | M30: 6972 | N30: 4183.2 | O30: 6972 | P30: 4336.2 | Q30: 7227 | R30: 4336.2 | S30: 7227 | T30: 0 | U30: 0 | V30: =(H30+T30)-U30 -> 4598.4 | W30: =V30/0.6 -> 7664 | X30: =V30/W30 -> 0.6
A31: 31 | B31: Asuliya WH | C31: Tin (Nos) | K31: 34 | L31: 0 | M31: 34 | N31: 0 | O31: 34 | P31: 0 | Q31: 34 | R31: 0 | S31: 34 | T31: 0 | V31: =(H31+T31)-U31 -> 0 | W31: =V31/19 -> 0
D32: =SUM(D4:D31) -> 903683.33 | E32: =SUM(E4:E25) -> 43258.06 | F32: =SUM(F4:F31) -> 893829.82 | H32: =SUM(H4:H31) -> 804213.02 | J32: =SUM(J4:J31) -> 713812.82 | K32: =SUM(K4:K31) -> 52713.85 | L32: =SUM(L4:L31) -> 688274.32 | M32: =SUM(M4:M31) -> 51527.35 | N32: =SUM(N4:N31) -> 675138.32 | O32: =SUM(O5:O31) -> 52319.85 | P32: =SUM(P4:P31) -> 679394.32 | Q32: =SUM(Q4:Q31) -> 35548.09 | R32: =SUM(R4:R31) -> 647848.32 | T32: 0 | U32: =SUM(U4:U31) -> 25339 | V32: =SUM(V4:V31) -> #VALUE!

Sheet RCL
A1: 20/11/2025 Opening Date | R1: 26/06/2025 Opening Date
D2: Opening Date:23/10/25 | F2: Opening Date:30/10/25 | H2: Opening Date:20/11/25 | J2: Opening Date:25/12/25 | L2: All Week | M2: All Week | N2: Stock Cheek
A3: Si | B3: Project Name | C3: Matarials Name | D3: Opening QTY | E3: Opening Nos | F3: Opening QTY | G3: Opening Nos | H3: Opening QTY | I3: Opening Nos | J3: Opening QTY | K3: Opening Nos | L3: Transfer In | M3: Transfer Out | N3: Blance | O3: Nos | P3: Whight Kg | R3: Si | S3: Project Name | T3: Matarials Name | U3: Opening QTY | V3: Purchase In | W3: Transfer IN | X3: From Project | Y3: Transfer Out | Z3: To Project | AA3: Blance | AB3: Nos | AC3: Whight Kg | AF3: Si | AG3: Project Name | AH3: Matarials Name | AI3: Opening QTY | AJ3: Purchase In | AK3: From Project | AL3: Transfer In Qty | AM3: Transfer Out Qty | AN3: To Project | AO3: Blance | AP3: Prb Qut | AQ3: Nos | AR3: Whight Kg
A4: 1 | B4: RCL | C4: Steel shutter - various size | D4: 4808 | F4: 4808 | H4: 4808 | J4: 4808 | N4: =(H4+L4)-M4 -> 4808 | P4: =N4/O4 -> #DIV/0! | R4: 1 | S4: RCL | T4: Steel shutter - various size | AA4: =U4+V4+W4-Y4 -> 0 | AF4: 1 | AG4: RCL | AH4: Steel shutter - various size | AI4: 3192 | AO4: =AI4+AJ4+AL4-AM4 -> 3192 | AP4: =AO4-7388.67 -> -4196.67
A5: 2 | B5: RCL | C5: Steel props | D5: 0 | F5: 0 | H5: 0 | J5: 0 | N5: =(H5+L5)-M5 -> 0 | O5: =N5/19 -> 0 | P5: =N5/O5 -> #DIV/0! | R5: 2 | S5: RCL | T5: Steel props | AA5: =U5+V5+W5-Y5 -> 0 | AB5: =AA5/19 -> 0 | AC5: =AA5/AB5 -> #DIV/0! | AF5: 2 | AG5: RCL | AH5: Steel props | AI5: 0 | AO5: =AI5+AJ5+AL5-AM5 -> 0 | AP5: =AO5-1026 -> -1026 | AQ5: =AO5/19 -> 0 | AR5: 0
A6: 3 | B6: RCL | C6: Scaffolding long | D6: 444 | E6: 12 | F6: 444 | G6: 12 | H6: 444 | I6: 12 | J6: 444 | K6: 12 | N6: =(H6+L6)-M6 -> 444 | O6: =N6/37 -> 12 | P6: =N6/O6 -> 37 | R6: 3 | S6: RCL | T6: Scaffolding long | AA6: =U6+V6+W6-Y6 -> 0 | AB6: =AA6/37 -> 0 | AC6: =AA6/AB6 -> #DIV/0! | AF6: 3 | AG6: RCL | AH6: Scaffolding long | AI6: 3885 | AO6: =AI6+AJ6+AL6-AM6 -> 3885 | AP6: =AO6-6755 -> -2870 | AQ6: =AO6/35 -> 111 | AR6: =AO6/AQ6 -> 35
A7: 4 | B7: RCL | C7: Scaffoding short | D7: 0 | E7: 0 | F7: 0 | G7: 0 | H7: 0 | I7: 0 | J7: 0 | K7: 0 | N7: =(H7+L7)-M7 -> 0 | O7: =N7/17 -> 0 | P7: =N7/O7 -> #DIV/0! | R7: 4 | S7: RCL | T7: Scaffoding short | AA7: =U7+V7+W7-Y7 -> 0 | AB7: =AA7/17 -> 0 | AC7: =AA7/AB7 -> #DIV/0! | AF7: 4 | AG7: RCL | AH7: Scaffoding short | AI7: 331.5 | AO7: =AI7+AJ7+AL7-AM7 -> 331.5 | AP7: =AO7-331.5 -> 0 | AQ7: =AO7/17 -> 19.5 | AR7: =AO7/AQ7 -> 17
A8: 5 | B8: RCL | C8: Cross bar | D8: -65 | E8: -13 | F8: -65 | G8: -13 | H8: -65 | I8: -13 | J8: -65 | K8: -13 | N8: =(H8+L8)-M8 -> -65 | O8: =N8/5 -> -13 | P8: =N8/O8 -> 5 | R8: 5 | S8: RCL | T8: Cross bar | AA8: =U8+V8+W8-Y8 -> 0 | AB8: =AA8/5 -> 0 | AC8: =AA8/AB8 -> #DIV/0! | AF8: 5 | AG8: RCL | AH8: Cross bar | AI8: 1725 | AO8: =AI8+AJ8+AL8-AM8 -> 1725 | AP8: =AO8-841.6 -> 883.4 | AQ8: =AO8/2.8 -> 616.07143 | AR8: =AO8/AQ8 -> 2.8
A9: 6 | B9: RCL | C9: Joint pin | D9: 64.2 | E9: 107 | F9: 64.2 | G9: 107 | H9: 64.2 | I9: 107 | J9: 64.2 | K9: 107 | N9: =(H9+L9)-M9 -> 64.2 | O9: =N9/0.6 -> 107 | P9: =N9/O9 -> 0.6 | R9: 6 | S9: RCL | T9: Joint pin | AA9: =U9+V9+W9-Y9 -> 0 | AB9: =AA9/0.6 -> 0 | AC9: =AA9/AB9 -> #DIV/0! | AF9: 6 | AG9: RCL | AH9: Joint pin | AI9: 596.4 | AO9: =AI9+AJ9+AL9-AM9 -> 596.4 | AP9: =AO9-992.2 -> -395.8 | AQ9: =AO9/0.8 -> 745.5 | AR9: =AO9/AQ9 -> 0.8
A10: 7 | B10: RCL | C10: Adjustable Base Jack | D10: 25 | E10: 5 | F10: 25 | G10: 5 | H10: 25 | I10: 5 | J10: 25 | K10: 5 | N10: =(H10+L10)-M10 -> 25 | O10: =N10/5 -> 5 | P10: =N10/O10 -> 5 | R10: 7 | S10: RCL | T10: Adjustable Base Jack | AA10: =U10+V10+W10-Y10 -> 0 | AB10: =AA10/5 -> 0 | AC10: =AA10/AB10 -> #DIV/0! | AF10: 7 | AG10: RCL | AH10: Adjustable Base Jack | AI10: 189 | AO10: =AI10+AJ10+AL10-AM10 -> 189 | AP10: =AO10-234 -> -45 | AQ10: =AO10/4.5 -> 42 | AR10: =AO10/AQ10 -> 4.5
A11: 8 | B11: RCL | C11: U head | D11: -125.6 | E11: 246 | F11: -125.6 | G11: 246 | H11: -125.6 | I11: 246 | J11: -125.6 | K11: 246 | N11: =(H11+L11)-M11 -> -125.6 | O11: =N11/5 -> -25.12 | P11: =N11/O11 -> 5 | R11: 8 | S11: RCL | T11: U head | AA11: =U11+V11+W11-Y11 -> 0 | AB11: =AA11/5 -> 0 | AC11: =AA11/AB11 -> #DIV/0! | AF11: 8 | AG11: RCL | AH11: U head | AI11: 1436.2 | AO11: =AI11+AJ11+AL11-AM11 -> 1436.2 | AP11: =AO11-2502.6 -> -1066.4 | AQ11: =AO11/4.3 -> 334 | AR11: =AO11/AQ11 -> 4.3
A12: 9 | B12: RCL | C12: Base plate | D12: -125.6 | E12: 143 | F12: -125.6 | G12: 143 | H12: -125.6 | I12: 143 | J12: -125.6 | K12: 143 | N12: =(H12+L12)-M12 -> -125.6 | O12: =N12/0.8 -> -157 | P12: =N12/O12 -> 0.8 | R12: 9 | S12: RCL | T12: Base plate | AA12: =U12+V12+W12-Y12 -> 0 | AB12: =AA12/0.8 -> 0 | AC12: =AA12/AB12 -> #DIV/0! | AF12: 9 | AG12: RCL | AH12: Base plate | AI12: 114.3 | AO12: =AI12+AJ12+AL12-AM12 -> 114.3 | AP12: =AO12-620 -> -505.7 | AQ12: =AO12/0.9 -> 127 | AR12: =AO12/AQ12 -> 0.9
A13: 10 | B13: RCL | C13: MS angle 1.5"*1.5" | D13: 160 | E13: 0 | F13: 160 | G13: 0 | H13: 160 | I13: 0 | J13: 160 | K13: 0 | N13: =(H13+L13)-M13 -> 160 | O13: 0 | P13: =N13/O13 -> #DIV/0! | R13: 10 | S13: RCL | T13: MS angle 1.5"*1.5" | AA13: =U13+V13+W13-Y13 -> 0 | AB13: 0 | AC13: 0 | AF13: 10 | AG13: RCL | AH13: MS angle 1.5"*1.5" | AI13: 535 | AO13: =AI13+AJ13+AL13-AM13 -> 535 | AP13: =AO13-529 -> 6 | AQ13: =AO13/0.75 -> 713.33333 | AR13: 0
A14: 11 | B14: RCL | C14: MS angle 2"*2" | D14: 1463 | E14: 0 | F14: 1463 | G14: 0 | H14: 1463 | I14: 0 | J14: 1463 | K14: 0 | N14: =(H14+L14)-M14 -> 1463 | O14: 0 | P14: =N14/O14 -> #DIV/0! | R14: 11 | S14: RCL | T14: MS angle 2"*2" | AA14: =U14+V14+W14-Y14 -> 0 | AB14: 0 | AC14: 0 | AF14: 11 | AG14: RCL | AH14: MS angle 2"*2" | AI14: 337 | AO14: =AI14+AJ14+AL14-AM14 -> 337 | AP14: =AO14-3584 -> -3247 | AQ14: =AO14/0.75 -> 449.33333 | AR14: 0
A15: 12 | B15: RCL | C15: I-joist | D15: 0 | E15: 0 | F15: 0 | G15: 0 | H15: 0 | I15: 0 | J15: 0 | K15: 0 | N15: =(H15+L15)-M15 -> 0 | O15: 0 | P15: =N15/O15 -> #DIV/0! | R15: 12 | S15: RCL | T15: I-joist | AA15: =U15+V15+W15-Y15 -> 0 | AB15: 0 | AC15: 0 | AF15: 12 | AG15: RCL | AH15: I-joist | AO15: =AI15+AJ15+AL15-AM15 -> 0 | AP15: =AO15-0 -> 0 | AQ15: =AO15/19 -> 0 | AR15: 0
A16: 13 | B16: RCL | C16: Ms.sheet | D16: 12952.8 | E16: 395 | F16: 12952.8 | G16: 395 | H16: 12952.8 | I16: 395 | J16: 12952.8 | K16: 395 | N16: =(H16+L16)-M16 -> 12952.8 | O16: =N16/17 -> 761.92941 | P16: =N16/O16 -> 17 | R16: 13 | S16: RCL | T16: Ms.sheet | AA16: =U16+V16+W16-Y16 -> 0 | AB16: =AA16/17 -> 0 | AC16: =AA16/AB16 -> #DIV/0! | AF16: 13 | AG16: RCL | AH16: Ms.sheet | AI16: 1989 | AO16: =AI16+AJ16+AL16-AM16 -> 1989 | AP16: =AO16-6253.5 -> -4264.5 | AQ16: =AO16/16.5 -> 120.54545 | AR16: =AO16/AQ16 -> 16.5
A17: 14 | B17: RCL | C17: Shutter Grill | D17: 82 | E17: 0 | F17: 82 | G17: 0 | H17: 82 | I17: 0 | J17: 82 | K17: 0 | N17: =(H17+L17)-M17 -> 82 | O17: =N17/17 -> 4.8235294 | P17: =N17/O17 -> 17 | R17: 14 | S17: RCL | T17: Shutter Grill | AA17: =U17+V17+W17-Y17 -> 0 | AB17: =AA17/19 -> 0 | AC17: 0 | AF17: 14 | AG17: RCL | AH17: Shutter Grill | AI17: 0 | AO17: =AI17+AJ17+AL17-AM17 -> 0 | AP17: =AO17-82 -> -82 | AQ17: =AO17/18 -> 0 | AR17: 0
A18: 15 | B18: RCL | C18: Hollow box 1.5" x 1.5" | D18: -286.4 | E18: 0 | F18: -286.4 | G18: 0 | H18: -286.4 | I18: 0 | J18: -286.4 | K18: 0 | N18: =(H18+L18)-M18 -> -286.4 | O18: 0 | P18: =N18/O18 -> #DIV/0! | R18: 15 | S18: RCL | T18: Hollow box 1.5" x 1.5" | AA18: =U18+V18+W18-Y18 -> 0 | AB18: 0 | AC18: 0 | AF18: 15 | AG18: RCL | AH18: Hollow box 1.5" x 1.5" | AI18: 2982 | AO18: =AI18+AJ18+AL18-AM18 -> 2982 | AP18: =AO18-5659.3 -> -2677.3 | AQ18: 0 | AR18: 0
A19: 16 | B19: RCL | C19: Hollow box 3" x 3" | D19: 408.52 | E19: 0 | F19: 408.52 | G19: 0 | H19: 408.52 | I19: 0 | J19: 408.52 | K19: 0 | N19: =(H19+L19)-M19 -> 408.52 | O19: 0 | P19: =N19/O19 -> #DIV/0! | R19: 16 | S19: RCL | T19: Hollow box 3" x 3" | AA19: =U19+V19+W19-Y19 -> 0 | AB19: 0 | AC19: 0 | AD19: =AA19-433.52 -> -433.52 | AE19: Problem | AF19: 16 | AG19: RCL | AH19: Hollow box 3" x 3" | AI19: 1555 | AO19: =AI19+AJ19+AL19-AM19 -> 1555 | AP19: =AO19-3643.52 -> -2088.52 | AQ19: 0 | AR19: 0
A20: 17 | B20: RCL | C20: MS pipe 1.5" | E20: 0 | G20: 0 | I20: 0 | K20: 0 | N20: =(H20+L20)-M20 -> 0 | O20: 0 | P20: =N20/O20 -> #DIV/0! | R20: 17 | S20: RCL | T20: MS pipe 1.5" | AA20: =U20+V20+W20-Y20 -> 0 | AB20: 0 | AC20: 0 | AF20: 17 | AG20: RCL | AH20: MS pipe 1.5" | AI20: 0 | AO20: =AI20+AJ20+AL20-AM20 -> 0 | AP20: =AO20-0 -> 0 | AQ20: 0 | AR20: 0
A21: 18 | B21: RCL | C21: MS pipe 1.75” | D21: 170.5 | E21: 0 | F21: 170.5 | G21: 0 | H21: 170.5 | I21: 0 | J21: 170.5 | K21: 0 | N21: =(H21+L21)-M21 -> 170.5 | O21: 0 | P21: =N21/O21 -> #DIV/0! | R21: 18 | S21: RCL | T21: MS pipe 1.75” | AA21: =U21+V21+W21-Y21 -> 0 | AB21: 0 | AC21: 0 | AD21: =AA21-1070.5 -> -1070.5 | AE21: Problem | AF21: 18 | AG21: RCL | AH21: MS pipe 1.75” | AI21: 0 | AO21: =AI21+AJ21+AL21-AM21 -> 0 | AP21: =AO21-2372.5 -> -2372.5 | AQ21: 0 | AR21: 0
A22: 19 | B22: RCL | C22: MS pipe 2" | D22: 97 | E22: 0 | F22: 97 | G22: 0 | H22: 97 | I22: 0 | J22: 97 | K22: 0 | N22: =(H22+L22)-M22 -> 97 | O22: 0 | P22: =N22/O22 -> #DIV/0! | R22: 19 | S22: RCL | T22: MS pipe 2" | AA22: =U22+V22+W22-Y22 -> 0 | AB22: 0 | AC22: 0 | AF22: 19 | AG22: RCL | AH22: MS pipe 2" | AI22: 0 | AO22: =AI22+AJ22+AL22-AM22 -> 0 | AP22: =AO22-97 -> -97 | AQ22: 0 | AR22: 0
A23: 20 | B23: RCL | C23: MS pipe 2.5" | D23: 709 | E23: 0 | F23: 709 | G23: 0 | H23: 709 | I23: 0 | J23: 709 | K23: 0 | N23: =(H23+L23)-M23 -> 709 | O23: 0 | P23: =N23/O23 -> #DIV/0! | R23: 20 | S23: RCL | T23: MS pipe 2.5" | AA23: =U23+V23+W23-Y23 -> 0 | AB23: 0 | AC23: 0 | AF23: 20 | AG23: RCL | AH23: MS pipe 2.5" | AI23: 0 | AO23: 2264 | AP23: =AO23-709 -> 1555 | AQ23: 0 | AR23: 0
A24: 21 | B24: RCL | C24: Thread Rod | D24: 1665 | E24: 0 | F24: 1665 | G24: 0 | H24: 1665 | I24: 0 | J24: 1665 | K24: 0 | N24: =(H24+L24)-M24 -> 1665 | O24: 0 | P24: =N24/O24 -> #DIV/0! | R24: 21 | S24: RCL | T24: Thread Rod | AA24: =U24+V24+W24-Y24 -> 0 | AB24: 0 | AC24: 0 | AF24: 21 | AG24: RCL | AH24: Thread Rod | AI24: 0 | AO24: =AI24+AJ24+AL24-AM24 -> 0 | AP24: =AO24-0 -> 0 | AQ24: =AO24/19 -> 0 | AR24: 0
A25: 22 | B25: RCL | C25: Nut, Bolt & Washer | D25: 0 | E25: 0 | F25: 0 | G25: 0 | H25: 0 | I25: 0 | J25: 0 | K25: 0 | N25: =(H25+L25)-M25 -> 0 | O25: 0 | P25: =N25/O25 -> #DIV/0! | R25: 22 | S25: RCL | T25: Nut, Bolt & Washer | AA25: =U25+V25+W25-Y25 -> 0 | AB25: 0 | AC25: 0 | AF25: 22 | AG25: RCL | AH25: Nut, Bolt & Washer | AI25: 1252 | AO25: =AI25+AJ25+AL25-AM25 -> 1252 | AP25: =AO25-2812 -> -1560 | AQ25: 0 | AR25: 0
A26: 23 | B26: RCL | C26: T bolt (Nos) | D26: 72 | E26: 60 | F26: 72 | G26: 60 | H26: 72 | I26: 60 | J26: 72 | K26: 60 | N26: =(H26+L26)-M26 -> 72 | O26: =N26/3 -> 24 | P26: =N26/O26 -> 3 | R26: 23 | S26: RCL | T26: T bolt (Nos) | AA26: =U26+V26+W26-Y26 -> 0 | AB26: =AA26/19 -> 0 | AC26: 0 | AF26: 23 | AG26: RCL | AH26: T bolt (Nos) | AK26: 120 | AO26: =AI26+AJ26+AL26-AM26 -> 0 | AQ26: =AO26/19 -> 0 | AR26: 0
A27: 24 | B27: RCL | C27: Trun bolt (Nos) | E27: 0 | G27: 0 | I27: 0 | K27: 0 | N27: =(H27+L27)-M27 -> 0 | O27: =N27/19 -> 0 | P27: =N27/O27 -> #DIV/0! | R27: 24 | S27: RCL | T27: Trun bolt (Nos) | AA27: =U27+V27+W27-Y27 -> 0 | AB27: =AA27/19 -> 0 | AC27: 0 | AF27: 24 | AG27: RCL | AH27: Trun bolt (Nos) | AK27: 460 | AO27: =AI27+AJ27+AL27-AM27 -> 0 | AQ27: =AO27/19 -> 0 | AR27: 0
A28: 25 | B28: RCL | C28: C- clamp (Nos) | D28: 42.3 | E28: 140 | F28: 42.3 | G28: 140 | H28: 42.3 | I28: 140 | J28: 42.3 | K28: 140 | N28: =(H28+L28)-M28 -> 42.3 | O28: =N28/0.4 -> 105.75 | P28: =N28/O28 -> 0.4 | R28: 25 | S28: RCL | T28: C- clamp (Nos) | AA28: =U28+V28+W28-Y28 -> 0 | AB28: =AA28/19 -> 0 | AC28: 0 | AF28: 25 | AG28: RCL | AH28: C- clamp (Nos) | AK28: 610 | AO28: =AI28+AJ28+AL28-AM28 -> 0 | AQ28: =AO28/19 -> 0 | AR28: 0
A29: 26 | B29: RCL | C29: Pikon (Nos) | E29: 0 | G29: 0 | I29: 0 | K29: 0 | N29: =(H29+L29)-M29 -> 0 | O29: =N29/19 -> 0 | P29: =N29/O29 -> #DIV/0! | R29: 26 | S29: RCL | T29: Pikon (Nos) | AA29: =U29+V29+W29-Y29 -> 0 | AB29: =AA29/19 -> 0 | AC29: 0 | AF29: 26 | AG29: RCL | AH29: Pikon (Nos) | AK29: 733 | AO29: =AI29+AJ29+AL29-AM29 -> 0 | AQ29: =AO29/19 -> 0 | AR29: 0
A30: 27 | B30: RCL | C30: Swivel clamp (Nos) | D30: 341.8 | E30: 292 | F30: 341.8 | G30: 292 | H30: 341.8 | I30: 292 | J30: 341.8 | K30: 292 | N30: =(H30+L30)-M30 -> 341.8 | O30: =N30/0.6 -> 569.66667 | P30: =N30/O30 -> 0.6 | R30: 27 | S30: RCL | T30: Swivel clamp (Nos) | AA30: =U30+V30+W30-Y30 -> 0 | AB30: =AA30/19 -> 0 | AC30: 0 | AF30: 27 | AG30: RCL | AH30: Swivel clamp (Nos) | AK30: 0 | AO30: =AI30+AJ30+AL30-AM30 -> 0 | AQ30: =AO30/19 -> 0 | AR30: 0
A31: 31 | B31: RCL | C31: Tin (Nos) | N31: =(H31+L31)-M31 -> 0 | O31: =N31/19 -> 0 | P31: =N31/O31 -> #DIV/0! | R31: 31 | S31: RCL | T31: Tin (Nos) | AA31: =U31+V31+W31-Y31 -> 0 | AB31: =AA31/19 -> 0 | AC31: 0 | AF31: 28 | AG31: RCL | AH31: Ring Clamp (Nos) | AK31: 0 | AO31: =AI31+AJ31+AL31-AM31 -> 0 | AQ31: =AO31/19 -> 0 | AR31: 0
C32: Totall | D32: =SUM(D4:D31) -> 22902.52 | F32: =SUM(F4:F31) -> 22902.52 | H32: =SUM(H4:H31) -> 22902.52 | J32: =SUM(J4:J31) -> 22902.52 | P32: =N32/O32 -> #DIV/0! | U32: =SUM(U4:U31) -> 0 | AA32: =SUM(AA4:AA31) -> 0 | AF32: 29 | AG32: RCL | AH32: Safety truss | AK32: 416 | AO32: =AI32+AJ32+AL32-AM32 -> 0 | AQ32: =AO32/19 -> 0 | AR32: 0
D33: =D4+D8+D18 -> 4456.6 | F33: =F4+F18+F8 -> 4456.6 | H33: =H4+H8+H18 -> 4456.6 | J33: =J4+J8+J18 -> 4456.6 | M33: No KG | N33: =#REF!+N32 -> #REF! | Y33: No KG | AA33: =Z33+AA32 -> 0 | AF33: 30 | AG33: RCL | AH33: Cross Bar Pin | AK33: 546 | AO33: =AI33+AJ33+AL33-AM33 -> 0 | AQ33: =AO33/19 -> 0 | AR33: 0
D34: =D6+D9+D10+D11+D12+D13+D14+D16+D17+D19+D21+D22+D23+D24+D26+D28+D30 -> 18445.92 | F34: =F6+F9+F10+F11+F12+F13+F14+F16+F17+F19+F21+F22+F23+F24+F26+F28+F30 -> 18445.92 | H34: =H6+H9+H10+H11+H12+H13+H14+H16+H17+H19+H21+H22+H23+H24+H26+H28+H30 -> 18445.92 | J34: =J6+J9+J10+J11+J12+J13+J14+J16+J17+J19+J21+J22+J23+J24+J26+J28+J30 -> 18445.92 | Z34: Problem | AF34: 31 | AG34: RCL | AH34: Plain U-Head | AK34: 555 | AO34: =AI34+AJ34+AL34-AM34 -> 0 | AQ34: =AO34/19 -> 0 | AR34: 0
C35: Total Stock Report | D35: =SUM(D33:D34) -> 22902.52 | F35: =SUM(F33:F34) -> 22902.52 | H35: =SUM(H33:H34) -> 22902.52 | J35: =SUM(J33:J34) -> 22902.52 | AF35: 32 | AG35: RCL | AH35: Roofing Screw | AK35: 429 | AO35: =AI35+AJ35+AL35-AM35 -> 0 | AQ35: =AO35/19 -> 0 | AR35: 0
AF36: 33 | AG36: RCL | AH36: Royel Bolt | AK36: 100 | AO36: =AI36+AJ36+AL36-AM36 -> 0 | AQ36: =AO36/19 -> 0 | AR36: 0
AF37: 34 | AG37: RCL | AH37: Tin (Nos) | AO37: =AI37+AJ37+AL37-AM37 -> 0 | AQ37: =AO37/19 -> 0 | AR37: 0
AO38: =SUM(AO4:AO37) -> 22383.4 | AQ38: =SUM(AQ4:AQ37) -> 3278.2835 | AR38: =AO38/AQ38 -> 6.8277803
AO39: =AA38-AO38 -> -22383.4

Sheet Salvase Mawna-Ashulia
A1: Mawna warehouse Salvase 2025 | E1: Ashulia warehouse Salvase 2025 | J1: Ashulia warehouse Salvase 2023 | N1: Ashulia warehouse Salvase 2024
B2: Opening Mawna | F2: Opening Ashulia | K2: Opening Ashulia | O2: Opening Ashulia
A3: Matarials Name | B3: Opening QTY | C3: Opening NOS | E3: Matarials Name | F3: Opening QTY | G3: Opening NOS | J3: Matarials Name | K3: Opening QTY | L3: Opening NOS | N3: Matarials Name | O3: Opening QTY | P3: Opening NOS
A4: Steel shutter - various size | B4: =13195+4000+11000+9550+11070+8280+755 -> 57850 | E4: Steel shutter - various size | F4: =9005+2495+7120 -> 18620 | J4: Steel shutter - various size | K4: =1000+2093+555+2690+1485+800+3400+4760+2627 -> 19410 | N4: Steel shutter - various size | O4: =7915+3710+5560+8865+700+9985+2610+5785+8615+4870+2055+4985+6975+3105+350+6640+8410+9223+10000+8390+6398+8440+6815+8170+9880+8870+6300+10910+8060+3855+13195 -> 209641
A5: Steel props | B5: 0 | E5: Steel props | F5: 0 | J5: Steel props | K5: =1200+320+400 -> 1920 | N5: Steel props | O5: =250+600+700 -> 1550 | P5: 14
A6: Scaffolding long | B6: 0 | E6: Scaffolding long | F6: 37 | J6: Scaffolding long | K6: 0 | N6: Scaffolding long | O6: 35 | P6: 1
A7: Scaffoding short | B7: 0 | E7: Scaffoding short | F7: 0 | J7: Scaffoding short | K7: 0 | N7: Scaffoding short | O7: 0
A8: Cross bar | B8: =200 -> 200 | E8: Cross bar | J8: Cross bar | K8: 0 | N8: Cross bar | O8: =235+200 -> 435
A9: Joint pin | B9: =90+120+120+120+300+300+300 -> 1350 | E9: Joint pin | F9: 60 | J9: Joint pin | K9: 0 | N9: Joint pin | O9: =220+100+120+120+100+100+200+90 -> 1050
A10: Adjustable Base Jack | B10: =100+200+200 -> 500 | E10: Adjustable Base Jack | F10: 0 | J10: Adjustable Base Jack | K10: =240+40 -> 280 | N10: Adjustable Base Jack | O10: =100 -> 100
A11: U head | B11: =250+200+100 -> 550 | E11: U head | F11: 0 | J11: U head | K11: =360+135 -> 495 | N11: U head | O11: =215+250 -> 465
A12: Base plate | B12: =80+160+60+110 -> 410 | E12: Base plate | F12: 0 | J12: Base plate | K12: 0 | N12: Base plate | O12: =32+80 -> 112
A13: MS angle 1.5"*1.5" | B13: 0 | E13: MS angle 1.5"*1.5" | F13: 0 | J13: MS angle 1.5"*1.5" | K13: 340 | N13: MS angle 1.5"*1.5" | O13: 0
A14: MS angle 2"*2" | B14: =1190+620+700+510+580+1850+1000 -> 6450 | E14: MS angle 2"*2" | F14: =300+300 -> 600 | J14: MS angle 2"*2" | K14: =170+270+720 -> 1160 | N14: MS angle 2"*2" | O14: =250+280+300+300+100+380+400+300+462+315+300+350+200+400+430+180+100+500+1190 -> 6737
A15: MS Stiffener | B15: 0 | E15: MS Stiffener | F15: 0 | J15: MS Stiffener | K15: 0 | N15: MS Stiffener | O15: 0
A16: I-joist | B16: 0 | E16: I-joist | F16: 0 | J16: I-joist | K16: 0 | N16: I-joist | O16: 50
A17: Ms.sheet | B17: =830+2300+1000+890+1300+2500+700 -> 9520 | E17: Ms.sheet | F17: =750+1500 -> 2250 | J17: Ms.sheet | K17: =400+500+300+500+400+1215+255+1000+500 -> 5070 | N17: Ms.sheet | O17: =700+1000+400+2000+2500+600+300+300+300+400+400+300+2000+60+280+280+500+2000+830 -> 15150
A18: Shutter Grill | B18: 0 | E18: Shutter Grill | F18: 0 | J18: Shutter Grill | K18: 0 | N18: Shutter Grill | O18: 0
A19: Hollow box 1.5" x 1.5" | B19: =2930+2000+1500+2750+1100+3000+320 -> 13600 | E19: Hollow box 1.5" x 1.5" | F19: =1000+2000 -> 3000 | J19: Hollow box 1.5" x 1.5" | K19: =785+1000+580+600+850+500+200+200 -> 4715 | N19: Hollow box 1.5" x 1.5" | O19: =250+120+400+1980+220+1140+1220+1800+1800+1000+500+880+1300+500+300+450+2200+2200+500+1500+2930 -> 23190
A20: Hollow box 3" x 3" | B20: =1800+2200+1540+1000+900+2495+1000 -> 10935 | E20: Hollow box 3" x 3" | F20: =500+700 -> 1200 | J20: Hollow box 3" x 3" | K20: =250+200+400+300+600 -> 1750 | N20: Hollow box 3" x 3" | O20: =200+150+280+100+300+1000+1000+800+1160+500+1000+300+520+340+1000+650+650+200+300+1800 -> 12250
A21: Hollow box 1" x 1.5" | B21: 0 | E21: Hollow box 1" x 1.5" | F21: 0 | J21: Hollow box 1" x 1.5" | K21: 0 | N21: Hollow box 1" x 1.5" | O21: 0
A22: MS pipe 1” | B22: 0 | E22: MS pipe 1” | F22: 0 | J22: MS pipe 1” | K22: 0 | N22: MS pipe 1” | O22: 0
A23: MS pipe 1.5" | B23: 0 | E23: MS pipe 1.5" | F23: 0 | J23: MS pipe 1.5" | K23: 0 | N23: MS pipe 1.5" | O23: 0
A24: MS pipe 1.75” | B24: =1490+800+890+150+400+600 -> 4330 | E24: MS pipe 1.75” | F24: =410+1500 -> 1910 | J24: MS pipe 1.75” | K24: =500+300+230+250+410+440+200 -> 2330 | N24: MS pipe 1.75” | O24: =450+400+480+1000+500+300+600+250+160+180+265+150+100+300+80+80+500+2000+1490 -> 9285
A25: MS pipe 2" | B25: 0 | E25: MS pipe 2" | F25: 0 | J25: MS pipe 2" | K25: 0 | N25: MS pipe 2" | O25: 0
A26: MS pipe 2.5" | B26: 0 | E26: MS pipe 2.5" | F26: 0 | J26: MS pipe 2.5" | K26: =200 -> 200 | N26: MS pipe 2.5" | O26: 0
A27: Thread Rod | B27: 0 | E27: Thread Rod | F27: 0 | J27: Thread Rod | K27: 0 | N27: Thread Rod | O27: 0
A28: Nut, Bolt & Washer | B28: =250+250+480+630+800+120 -> 2530 | E28: Nut, Bolt & Washer | F28: 0 | J28: Nut, Bolt & Washer | K28: 0 | N28: Nut, Bolt & Washer | O28: =350+40+1500 -> 1890
A29: T bolt (Nos) | B29: 0 | E29: T bolt (Nos) | F29: 0 | J29: T bolt (Nos) | K29: 0 | N29: T bolt (Nos) | O29: 0
A30: Trun bolt (Nos) | B30: =140 -> 140 | E30: Trun bolt (Nos) | F30: =541 -> 541 | J30: Trun bolt (Nos) | K30: 0 | N30: Trun bolt (Nos) | O30: =100 -> 100
A31: C- clamp (Nos) | B31: 0 | E31: C- clamp (Nos) | F31: 0 | J31: C- clamp (Nos) | K31: 0 | N31: C- clamp (Nos) | O31: 0
A32: Pikon (Nos) | B32: 0 | E32: Pikon (Nos) | F32: 0 | J32: Pikon (Nos) | K32: 0 | N32: Pikon (Nos) | O32: 0
A33: Swivel clamp (Nos) | B33: =300+100+100+300 -> 800 | E33: Swivel clamp (Nos) | F33: =482+56 -> 538 | J33: Swivel clamp (Nos) | K33: =700+20+200+800+500 -> 2220 | N33: Swivel clamp (Nos) | O33: =25+75+50+75+100+350+250+100+160+150+300+200+200+50+200+300 -> 2585
A34: Ring Clamp (Nos) | B34: 0 | E34: Ring Clamp (Nos) | F34: 0 | J34: Ring Clamp (Nos) | K34: 0 | N34: Ring Clamp (Nos) | O34: 0
A35: Safety truss | B35: 0 | E35: Safety truss | F35: 0 | J35: Safety truss | K35: 0 | N35: Safety truss | O35: 0
A36: Cross Bar Pin | B36: 0 | E36: Cross Bar Pin | F36: 0 | J36: Cross Bar Pin | K36: 0 | N36: Cross Bar Pin | O36: 0
A37: Plain U-Head | B37: 0 | E37: Plain U-Head | F37: 0 | J37: Plain U-Head | K37: 0 | N37: Plain U-Head | O37: 0
A38: Roofing Screw | B38: 0 | E38: Roofing Screw | F38: 0 | J38: Roofing Screw | K38: 0 | N38: Roofing Screw | O38: 0
A39: Royel Bolt | B39: 0 | E39: Royel Bolt | F39: 0 | J39: Royel Bolt | K39: 0 | N39: Royel Bolt | O39: 0
A40: Tin (Nos) | B40: 0 | E40: Tin (Nos) | F40: 0 | J40: Tin (Nos) | K40: =50+70 -> 120 | N40: Tin (Nos) | O40: 1235
B41: =SUM(B4:B40) -> 109165 | E41: Totall | F41: =SUM(F4:F40) -> 28756 | J41: Totall | K41: =SUM(K4:K40) -> 40010 | N41: Totall | O41: =SUM(O4:O40) -> 285860
C42: Totall=2025 | D42: =B41+F41 -> 137921
C43: Totall=2023 | D43: 40010
C44: Totall=2024 | D44: 285860
C45: All Totall | D45: =SUM(D42:D44) -> 463791
E51: Ashulia warehouse Salvase 2026
A52: Mawna warehouse Salvase 2026 | F52: Opening Ashulia
B53: Opening Mawna | E53: Matarials Name | F53: Opening QTY | G53: Taka
A54: Matarials Name | B54: Opening QTY | C54: Opening NOS | E54: Steel shutter - various size | F54: 9765 | G54: =449190 -> 449190
A55: Steel shutter - various size | B55: 0 | E55: Steel props | F55: 300 | G55: =13800 -> 13800
A56: Steel props | B56: 0 | E56: Scaffolding long | F56: 0 | G56: 0
A57: Scaffolding long | B57: 0 | E57: Scaffoding short | F57: 0 | G57: 0
A58: Scaffoding short | B58: 0 | E58: Cross bar | F58: 0 | G58: 0
A59: Cross bar | B59: 0 | E59: Joint pin | F59: 0 | G59: 0
A60: Joint pin | B60: 0 | E60: Adjustable Base Jack | F60: 0 | G60: 0
A61: Adjustable Base Jack | B61: 0 | E61: U head | F61: 0 | G61: 0
A62: U head | B62: 0 | E62: Base plate | F62: 0 | G62: 0
A63: Base plate | B63: 0 | E63: MS angle 1.5"*1.5" | F63: 0 | G63: 0
A64: MS angle 1.5"*1.5" | B64: 0 | E64: MS angle 2"*2" | F64: 400 | G64: =18400 -> 18400
A65: MS angle 2"*2" | B65: 0 | E65: MS Stiffener | F65: 0 | G65: 0
A66: MS Stiffener | B66: 0 | E66: I-joist | F66: 0 | G66: 0
A67: I-joist | B67: 0 | E67: Ms.sheet | F67: 6300 | G67: =289800 -> 289800
A68: Ms.sheet | B68: 0 | E68: Shutter Grill | F68: 0 | G68: 0
A69: Shutter Grill | B69: 0 | E69: Hollow box 1.5" x 1.5" | F69: 2000 | G69: =92000 -> 92000
A70: Hollow box 1.5" x 1.5" | B70: 0 | E70: Hollow box 3" x 3" | F70: 900 | G70: =41400 -> 41400
A71: Hollow box 3" x 3" | B71: 0 | E71: Hollow box 1" x 1.5" | F71: 0 | G71: 0
A72: Hollow box 1" x 1.5" | B72: 0 | E72: MS pipe 1” | F72: 0 | G72: 0
A73: MS pipe 1” | B73: 0 | E73: MS pipe 1.5" | F73: 0 | G73: 0
A74: MS pipe 1.5" | B74: 0 | E74: MS pipe 1.75” | F74: 1900 | G74: =87400 -> 87400
A75: MS pipe 1.75” | B75: 0 | E75: MS pipe 2" | F75: 0 | G75: 0
A76: MS pipe 2" | B76: 0 | E76: MS pipe 2.5" | F76: 0 | G76: 0
A77: MS pipe 2.5" | B77: 0 | E77: Thread Rod | F77: 0 | G77: 0
A78: Thread Rod | B78: 0 | E78: Nut, Bolt & Washer | F78: 300 | G78: =13800 -> 13800
A79: Nut, Bolt & Washer | B79: 0 | E79: T bolt (Nos) | F79: 0 | G79: 0
A80: T bolt (Nos) | B80: 0 | E80: Trun bolt (Nos) | F80: 0 | G80: 0
A81: Trun bolt (Nos) | B81: 0 | E81: C- clamp (Nos) | F81: 0 | G81: 0
A82: C- clamp (Nos) | B82: 0 | E82: Pikon (Nos) | F82: 0 | G82: 0
A83: Pikon (Nos) | B83: 0 | E83: Swivel clamp (Nos) | F83: 0 | G83: 0
A84: Swivel clamp (Nos) | B84: 0 | E84: Ring Clamp (Nos) | F84: 0 | G84: 0
A85: Ring Clamp (Nos) | B85: 0 | E85: Safety truss | F85: 0 | G85: 0
A86: Safety truss | B86: 0 | E86: Cross Bar Pin | F86: 0 | G86: 0
A87: Cross Bar Pin | B87: 0 | E87: Plain U-Head | F87: 0 | G87: 0
A88: Plain U-Head | B88: 0 | E88: Roofing Screw | F88: 0 | G88: 0
A89: Roofing Screw | B89: 0 | E89: Royel Bolt | F89: 0 | G89: 0
A90: Royel Bolt | B90: 0 | E90: Tin (Nos) | F90: 0 | G90: 0
A91: Tin (Nos) | B91: 0 | E91: Totall | F91: =SUM(F54:F90) -> 21865 | G91: =SUM(G54:G90) -> 1005790
B92: =SUM(B55:B91) -> 0

Sheet SUMMARY01
A2: Opening Date:15/01/26 | F2: Opening Date:15/01/26
B3: All Construction | G3: Acme Technologies
A4: Project All | B4: Matarials Name | C4: Opening QTY | D4: Opening nos | F4: Project All | G4: All Construction | H4: Opening QTY | I4: Opening nos
A5: Acme Construction | B5: Steel shutter - various size | C5: =3665.35+56758+14973+63380.4+21970+173003+140111.68+13125+162795.58 -> 649782.01 | D5: 0 | F5: Acme Technologies | G5: Steel shutter - various size | H5: =2633+3650+4851.99 -> 11134.99
A6: Acme Construction | B6: Steel props | C6: =1672+14421+7562+52643+13970+15968+31081+49727 -> 187044 | D6: =88+759+398+2733+735+734+1360+3643 -> 10450 | F6: Acme Technologies | G6: Steel props | H6: =2470+1330+4657 -> 8457 | I6: =130+70+245 -> 445
A7: Acme Construction | B7: Scaffolding long | C7: =4773+2701+1850+23421+9250+2460.5+80197+158726.6+1221+123762.3 -> 408362.4 | D7: =129+73+50+633+250+66.5+2166.5+4304+3218 -> 10890 | F7: Acme Technologies | G7: Scaffolding long | H7: =2590+481 -> 3071 | I7: =70+13 -> 83
A8: Acme Construction | B8: Scaffoding short | C8: =1912.5+1360+1836+85+119+34+20434+4760+5494.1 -> 36034.6 | D8: =112.5+80+108+5+7+1202+297+326 -> 2137.5 | F8: Acme Technologies | G8: Scaffoding short | H8: 255 | I8: 0
A9: Acme Construction | B9: Cross bar | C9: =4870+605+9510+3240+1655+54720+41692.5+200+71791.5 -> 188284 | D9: =974+121+1902+648+1326+331+10944+7850+40+12839.5 -> 36975.5 | F9: Acme Technologies | G9: Cross bar | H9: =680+185 -> 865 | I9: =15+37 -> 52
A10: Acme Construction | B10: Joint pin | C10: =552+297+985+1056.6+710.4+795.6+43.8+6706+3820.78+48+6146.14 -> 21161.32 | D10: =920+495+1643+1761+1184+73+6355.2+80+10974 -> 23485.2 | F10: Acme Technologies | G10: Joint pin | H10: =1.2+76.8 -> 78 | I10: =2+128 -> 130
A11: Acme Construction | B11: Adjustable Base Jack | C11: =1900+3940+650+20+480+735+395+25820+6098+90+5395.9 -> 45523.9 | D11: =380+788+130+4+96+147+79+5164+1214+18+959.18 -> 8979.18 | F11: Acme Technologies | G11: Adjustable Base Jack | H11: 190 | I11: 38
A12: Acme Construction | B12: U head | C12: =10155+650+11625+2830+245.25+1745+34250+20128+7285+8793.7 -> 97706.95 | D12: =2031+130+2325+566+49+349+6850+4031+1457+1146.74 -> 18934.74 | F12: Acme Technologies | G12: U head | H12: 175 | I12: 35
A13: Acme Construction | B13: Base plate | C13: =82.4+1064+274+1002.4+349.6+79.2+1333+716.9+1823.2 -> 6724.7 | D13: =103+1330+343+1253+437+99+1667+941+2405 -> 8578 | F13: Acme Technologies | G13: Base plate | H13: 0.8 | I13: 1
A14: Acme Construction | B14: MS angle 1.5"*1.5" | C14: =55+4467.75+8336+2089+2711+1200+6455.4+7026.4 -> 32340.55 | D14: 0 | F14: Acme Technologies | G14: MS angle 2"*2" | H14: =384+360+80 -> 824 | I14: =64+60 -> 124
A15: Acme Construction | B15: MS angle 2"*2" | C15: =430+5485+960+6997.56+8558+3342+31+7+18657+10212+300+8533 -> 63512.56 | D15: 0 | F15: Acme Technologies | G15: Ms.sheet | H15: =425+3740+1588+187+255+170 -> 6365 | I15: =25+220+93+11+15+10 -> 374
A16: Acme Construction | B16: I-joist | C16: =15+67+1072+1263 -> 2417 | D16: 0 | F16: Acme Technologies | G16: Hollow box 1.5" x 1.5" | H16: =230+369 -> 599 | I16: 0
A17: Acme Construction | B17: Ms.sheet | C17: =7743.5+11934+3570+10149+20679+6975+58446+34806+3037+92032 -> 249371.5 | D17: =455.5+702+210+597+1152+440+3711+1894.5+95+0 -> 9257 | F17: Acme Technologies | G17: Hollow box 3" x 3" | H17: =530+3998.44 -> 4528.44 | I17: 0
A18: Acme Construction | B18: Shutter Grill | C18: =18+198+414+90+4320+7993 -> 13033 | D18: =11+23+5+240+439 -> 718 | F18: Acme Technologies | G18: MS pipe 1.75” | I18: 0
A19: Acme Construction | B19: Hollow box 1.5" x 1.5" | C19: =1535.3+30003+3500+18963.25+42657+14090+3983.89+366+93574+281+50327.1+8408+43644.75 -> 311333.29 | D19: 0 | F19: Acme Technologies | G19: T bolt (Nos) | I19: 0
A20: Acme Construction | B20: Hollow box 3" x 3" | C20: =2848+11390+2243+1713+21727+7225+4.34+57024+24032.8+8170+41134.79 -> 177511.93 | D20: 0 | F20: Acme Technologies | G20: Trun bolt (Nos) | H20: 84 | I20: 60
A21: Acme Construction | B21: MS pipe 1.5" | C21: =1450+4554.48+100+3140+2862+13165.66 -> 25272.14 | D21: 0
A22: Acme Construction | B22: MS pipe 1.75” | C22: =12137+12878+5095+361.51+526+9538+10766+38414.85 -> 89716.36 | D22: 0 | F22: Project All | G22: Acme Technologies
A23: Acme Construction | B23: MS pipe 2" | C23: =1817.35+2544.75 -> 4362.1 | D23: 0 | F23: Acme Fazilat | G23: 16308
A24: Acme Construction | B24: MS pipe 2.5" | C24: =221+1184.2+470+4810+9569 -> 16254.2 | D24: 0 | F24: Chairman House | G24: 187
A25: Acme Construction | B25: Thread Rod | C25: =1680+80+210 -> 1970 | D25: 0 | F25: Chayaneer | G25: 255
A26: Acme Construction | B26: Nut, Bolt & Washer | C26: =2260+746+2622+443+4650+1318+175+2423 -> 14637 | D26: 0 | F26: Acme Polaris | G26: 170
A27: Acme Construction | B27: T bolt (Nos) | C27: =303.75+93.8+80+102+2829 -> 3408.55 | D27: =225+67+100+34+943 -> 1369 | F27: Aukotex | G27: 7364
A28: Acme Construction | B28: Trun bolt (Nos) | C28: =350+193+196+338.8+830+347.2+681.8 -> 2936.8 | D28: =250+138+140+242+593+248+174+487 -> 2272 | F28: Acme Bleesing | G28: 6803
A29: Acme Construction | B29: C- clamp (Nos) | C29: =226+722+60+114+10+1321.6+2225.2 -> 4678.8 | D29: =565+1807+150+285+100+3304+5563 -> 11774 | F29: Acme Dhrubotara | G29: 4249
A30: Acme Construction | B30: Swivel clamp (Nos) | C30: =176+1393.8+2168.4+667+782.4+372+64+3194.4+4603.2 -> 13421.2 | D30: =320+2323+3336+1112+1304+620+110+5324+7672 -> 22121 | F30: Acme Nasrin Villa | G30: 1028
A31: Acme Construction | B31: Tin (Nos) | D31: =27+363+310+1938+1028+819+240+34 -> 4759 | F31: Acme Krittika | G31: 153
C32: =SUM(C5:C31) -> 2666800.9 | F32: Acme Juliet Villa | G32: 9533
F33: Nasrin Kabir Gareden | G33: 544
F34: Totall | G34: 46594
B35: All Totall | C35: =C32+G34 -> 2713394.9

Sheet 2026 stock 15.01.26
A1: Stock Report Construction/Warehouse
A2: Si | B2: Matarials Name | C2: Mawna | D2: Ashulia | E2: HFL-AEPZ | F2: SHL-B | G2: STL-AB | H2: STL-PB | I2: STL-UB | J2: CCKL | K2: SETL-PB | L2: SFBL-GH | M2: SFBL-AB | N2: SFBL-PB | O2: Totall | P2: Reamarks
A3: 1 | B3: Steel shutter - various size | C3: 140111.68 | D3: 162795.58 | E3: 173003 | F3: 13125 | G3: 21970 | H3: -1147.96 | I3: -293.9 | J3: 63380.4 | K3: -27651.45 | L3: 14973 | M3: 56758 | N3: 3665.35 | O3: =N3+M3+L3+J3+G3+F3+E3+D3+C3 -> 649782.01
A4: 2 | B4: Steel props | C4: 31081 | D4: 49727 | E4: 15968 | F4: 0 | G4: 13970 | H4: -103.8 | I4: 0 | J4: 52643 | K4: -772 | L4: 7562 | M4: 14421 | N4: 1672 | O4: =N4+M4+L4+J4+I4+G4+F4+E4+D4+C4 -> 187044
A5: 3 | B5: Scaffolding long | C5: 158726.6 | D5: 123762.3 | E5: 80197 | F5: 1221 | G5: 9250 | H5: 2460.5 | I5: 0 | J5: 23421 | K5: 1850 | L5: 2701 | M5: 4773 | N5: -1295 | O5: =M5+L5+K5+J5+I5+H5+G5+F5+E5+D5+C5 -> 408362.4
A6: 4 | B6: Scaffoding short | C6: 4760 | D6: 5494.1 | E6: 20434 | F6: 0 | G6: 119 | H6: 0 | I6: 34 | J6: -68 | K6: 85 | L6: 1836 | M6: 1360 | N6: 1912.5 | O6: =N6+M6+L6+K6+I6+H6+G6+F6+E6+D6+C6 -> 36034.6
A7: 5 | B7: Cross bar | C7: 41692.5 | D7: 71791.5 | E7: =42520+12200 -> 54720 | F7: 200 | G7: 3240 | H7: -360 | I7: 1655 | J7: 9510 | K7: -2065 | L7: 605 | M7: 4870 | N7: -11760 | O7: =M7+L7+J7+I7+G7+F7+E7+D7+C7 -> 188284
A8: 6 | B8: Joint pin | C8: 3820.78 | D8: 6146.14 | E8: 6706 | F8: 48 | G8: 710.4 | H8: 795.6 | I8: 43.8 | J8: 1056.6 | K8: 985 | L8: 297 | M8: 552 | N8: -201 | O8: =M8+L8+K8+J8+I8+H8+G8+F8+E8+D8+C8 -> 21161.32
A9: 7 | B9: Adjustable Base Jack | C9: 6098 | D9: 5395.9 | E9: 25820 | F9: 90 | G9: 735 | H9: -10 | I9: 395 | J9: 480 | K9: 20 | L9: 650 | M9: 3940 | N9: 1900 | O9: =N9+M9+L9+K9+J9+I9+G9+F9+E9+D9+C9 -> 45523.9
A10: 8 | B10: U head | C10: 20128 | D10: 8793.7 | E10: 1485 | F10: 7285 | G10: 2830 | H10: 245.25 | I10: 1745 | J10: 11625 | K10: -100 | L10: 650 | M10: 10155 | N10: -745 | O10: =M10+L10+J10+I10+H10+G10+F10+E10+D10+C10 -> 64941.95
A11: 9 | B11: Base plate | C11: 716.9 | D11: 1823.2 | E11: 32765 | F11: 0 | G11: 349.6 | H11: 79.2 | I11: 0 | J11: 1002.4 | K11: 274 | L11: 0 | M11: 1064 | N11: 82.4 | O11: =N11+M11+L11+K11+J11+I11+H11+G11+F11+E11+D11+C11 -> 38156.7
A12: 10 | B12: MS angle 1.5"*1.5" | C12: 6455.4 | D12: 7026.4 | E12: 1333 | F12: 0 | G12: 2089 | H12: -2034.5 | I12: 2711 | J12: 8336 | K12: 4467.75 | L12: 0 | M12: 0 | N12: 55 | O12: =N12+M12+L12+K12+J12+I12+G12+F12+E12+D12+C12 -> 32473.55
A13: 11 | B13: MS angle 2"*2" | C13: 10212 | D13: 8533 | E13: 1200 | F13: 300 | G13: 3342 | H13: 31.09 | I13: 7 | J13: 8558 | K13: 6997.56 | L13: 960 | M13: 5485 | N13: 430 | O13: =N13+M13+L13+K13+J13+I13+H13+G13+F13+E13+D13+C13 -> 46055.65
A14: 12 | B14: I-joist | C14: 67 | D14: 1263 | E14: 18657 | G14: 0 | H14: 15 | I14: 0 | J14: 0 | K14: 0 | L14: 0 | M14: 0 | N14: 0 | O14: =N14+M14+L14+K14+J14+I14+H14+G14+F14+E14+D14+C14 -> 20002
A15: 13 | B15: Ms.sheet | C15: 34806 | D15: 92032 | E15: 0 | F15: 1072 | G15: 6975 | H15: -1439 | I15: -205 | J15: 20679 | K15: 10149 | L15: 3570 | M15: 11934 | N15: 7743.5 | O15: =N15+M15+L15+K15+J15+G15+F15+E15+D15+C15 -> 188960.5
A16: 14 | B16: Shutter Grill | C16: 4320 | D16: 7993 | E16: 58446 | F16: 3037 | G16: 0 | H16: 198 | I16: 414 | J16: 0 | K16: 18 | L16: 0 | M16: 0 | N16: 0 | O16: =N16+M16+L16+K16+J16+I16+H16+G16+F16+E16+D16+C16 -> 74426
A17: 15 | B17: Hollow box 1.5" x 1.5" | C17: 50327 | D17: 43644.75 | E17: 90 | F17: 0 | G17: 14090 | H17: 3983.89 | I17: 366 | J17: 42657 | K17: 18963.25 | L17: 3500 | M17: 30003 | N17: 1535.3 | O17: =N17+M17+L17+K17+J17+I17+H17+G17+F17+E17+D17+C17 -> 209160.19
A18: 16 | B18: Hollow box 3" x 3" | C18: 24032.8 | D18: 41134.79 | E18: 93574 | F18: 8408 | G18: 7225 | H18: -153.3 | I18: 4.34 | J18: 21727 | K18: 1713 | L18: 2243 | M18: 11390 | N18: 2848 | O18: =N18+M18+L18+K18+J18+I18+G18+F18+E18+D18+C18 -> 214299.93
A19: 17 | B19: MS pipe 1.5" | C19: 3140 | D19: 13165.66 | E19: 57024 | F19: 8170 | G19: 0 | H19: 0 | I19: 100 | J19: 0 | K19: 4554.48 | L19: 0 | M19: 0 | N19: 1450 | O19: =N19+M19+L19+K19+J19+I19+H19+G19+F19+E19+D19+C19 -> 87604.14
A20: 18 | B20: MS pipe 1.75” | C20: 10766 | D20: 38414.85 | E20: 281 | F20: 0 | G20: 5095 | H20: 361.51 | I20: 526 | J20: 12878 | K20: 0 | L20: 0 | M20: 12137 | N20: -4481.2 | O20: =M20+L20+K20+J20+I20+H20+G20+F20+E20+D20+C20 -> 80459.36
A21: 19 | B21: MS pipe 2" | D21: 2544.75 | E21: 9538 | F21: 0 | G21: 0 | H21: 0 | I21: 0 | J21: 470 | K21: 0 | L21: 0 | M21: 0 | N21: 1817.35 | O21: =N21+M21+L21+K21+J21+I21+H21+G21+F21+E21+D21+C21 -> 14370.1
A22: 20 | B22: MS pipe 2.5" | C22: 4810 | D22: 9569 | E22: 0 | F22: 2862 | G22: 0 | H22: 0 | I22: 0 | J22: 0 | K22: 1184.2 | L22: 0 | M22: 0 | N22: 221 | O22: =N22+M22+L22+K22+J22+I22+H22+G22+F22+E22+D22+C22 -> 18646.2
A23: 21 | B23: Thread Rod | C23: 210 | E23: 0 | F23: 0 | G23: 80 | H23: 0 | I23: 0 | J23: 0 | K23: 0 | L23: 0 | M23: 0 | N23: 1680 | O23: =N23+M23+L23+K23+J23+H23+I23+G23+F23+E23+D23+C23 -> 1970
A24: 22 | B24: Nut, Bolt & Washer | C24: 1318 | D24: 2423 | E24: 0 | F24: 0 | G24: 443 | H24: 0 | I24: 0 | J24: 2622 | K24: 0 | L24: 0 | M24: 746 | N24: 2260 | O24: =N24+M24+L24+K24+J24+I24+H24+G24+F24+E24+D24+C24 -> 9812
A25: 23 | B25: T bolt (Nos) | C25: 102 | D25: 2829 | E25: 4650 | F25: 0 | G25: 0 | H25: 93 | I25: 0 | J25: 0 | K25: 0 | L25: 0 | M25: 0 | N25: 0 | O25: =M25+L25+K25+J25+H25+G25+F25+E25+D25+C25 -> 7674
A26: 24 | B26: Trun bolt (Nos) | C26: 347.2 | D26: 681.8 | E26: 80 | F26: 0 | G26: 196 | H26: -37.8 | I26: 338.8 | J26: 303.75 | K26: 193 | L26: 0 | M26: 350 | N26: 0 | O26: =M26+L26+K26+J26+I26+G26+F26+E26+D26+C26 -> 2490.55
A27: 25 | B27: C- clamp (Nos) | C27: 1321.6 | D27: 2225.2 | E27: 830 | F27: 175 | G27: 60 | H27: =I27*0.4 -> 0 | I27: 0 | J27: 0 | K27: 722 | L27: 0 | M27: 0 | N27: 226 | O27: =N27+K27+G27+F27+E27+D27+C27 -> 5559.8
A28: 26 | B28: Pikon (Nos) | C28: 0 | D28: 0 | E28: 40 | F28: 0 | G28: 0 | H28: 114 | I28: 0 | J28: 0 | K28: 0 | L28: 0 | M28: 0 | N28: 0 | O28: =H28+E28 -> 154
A29: 27 | B29: Swivel clamp (Nos) | C29: 3194 | D29: 4603.2 | E29: 0 | F29: 0 | G29: 667.2 | H29: 782.4 | I29: 372 | J29: 2168.4 | K29: 1393 | L29: 0 | M29: 176 | N29: 0 | O29: =M29+K29+J29+I29+H29+G29+D29+C29 -> 13356.2
C30: =SUM(C3:C29) -> 562564.46 | D30: =SUM(D3:D29) -> 713812.82 | E30: =SUM(E3:E29) -> 656841 | F30: =SUM(F3:F29) -> 45993 | G30: =SUM(G3:G29) -> 93436.2 | H30: =H5+H8+H10+H11+H13+H14+H16+H17+H20+H25+H28+H29 -> 9159.44 | I30: =SUM(I3:I29) -> 8213.04 | J30: =SUM(J3:J29) -> 283449.55 | K30: =K5+K6+K8+K9+K11+K12+K13+K15+K16+K17+K18+K19+K22+K26+K27+K29 -> 53569.24 | L30: =SUM(L3:L29) -> 39547 | M30: =SUM(M3:M29) -> 170114 | N30: =N3+N4+N6+N9+N11+N12+N13+N15+N17+N18+N19+N21+N22+N23+N24+N27+N29 -> 29498.4 | O30: =SUM(O3:O29) -> 2666765.1
D34: Acme Thchnologies
A35: Si | B35: Matarials Name | C35: Juliet Villa | D35: Nasrin Kabir | E35: Nasrin villa | F35: Dhrubotara | G35: Bleesing | H35: Aukotex | I35: Polarish | J35: Chayaneer | K35: Chairman House | L35: Fazilat | M35: Totall | N35: Reamarks
A36: 1 | B36: Steel shutter - various size | C36: 3650 | D36: 0 | E36: 228 | F36: 2633 | G36: 2863 | H36: 0 | I36: 0 | J36: 0 | K36: 0 | L36: 4851.99 | M36: 14225.99
A37: 2 | B37: Steel props | C37: 1330 | D37: 0 | E37: 0 | F37: 0 | G37: 1235 | H37: 0 | I37: 0 | J37: 0 | K37: 0 | L37: 4657 | M37: 7222
A38: 3 | B38: Scaffolding long | C38: 0 | D38: 0 | E38: 0 | F38: 0 | G38: 0 | H38: 0 | I38: 0 | J38: 0 | K38: 0 | L38: 481 | M38: 481
A39: 4 | B39: Scaffoding short | C39: 0 | D39: 0 | E39: 0 | F39: 0 | G39: 0 | H39: 0 | I39: 0 | J39: 0 | K39: 0 | L39: 255 | M39: 255
A40: 5 | B40: Cross bar | C40: 0 | D40: 0 | E40: 0 | F40: 680 | G40: 0 | H40: 0 | I40: 0 | J40: 0 | K40: 0 | L40: 185 | M40: 865
A41: 6 | B41: Joint pin | C41: 0 | D41: 0 | E41: 0 | F41: 1.2 | G41: 0 | H41: 0 | I41: 0 | J41: 0 | K41: 0 | L41: 76.8 | M41: 78
A42: 7 | B42: Adjustable Base Jack | C42: 0 | D42: 0 | E42: 0 | F42: 0 | G42: 0 | H42: 0 | I42: 0 | J42: 0 | K42: 0 | L42: 190 | M42: 190
A43: 8 | B43: U head | C43: 0 | D43: 0 | E43: 0 | F43: 0 | G43: 0 | H43: 2000 | I43: 0 | J43: 0 | K43: 0 | L43: 175 | M43: 2175
A44: 9 | B44: Base plate | C44: 0 | D44: 0 | E44: 0 | F44: 0.8 | G44: 0 | H44: 0 | I44: 0 | J44: 0 | K44: 0 | L44: 0 | M44: 0.8
A45: 10 | B45: MS angle 1.5"*1.5" | C45: 0 | D45: 0 | E45: 0 | F45: 0 | G45: 0 | H45: 0 | I45: 0 | J45: 0 | K45: 0 | L45: 0 | M45: 0
A46: 11 | B46: MS angle 2"*2" | C46: 360 | D46: 0 | E46: 0 | F46: 384 | G46: 354 | H46: 0 | I46: 0 | J46: 0 | K46: 0 | L46: 80 | M46: 1178
A47: 12 | B47: I-joist | C47: 0 | D47: 0 | E47: 0 | F47: 0 | G47: 0 | H47: 0 | I47: 0 | J47: 0 | K47: 0 | L47: 0 | M47: 0
... A57: 22 | B57: Nut, Bolt & Washer | C57: 0 | D57: 0 | E57: 0 | F57: 0 | G57: 0 | H57: 0 | I57: 0 | J57: 0 | K57: 0 | L57: 0 | M57: 0
A58: 23 | B58: T bolt (Nos) | C58: - | D58: 0 | E58: 18 | F58: 0 | G58: 60 | H58: 0 | I58: 0 | J58: 0 | K58: 0 | L58: 0 | M58: 78
A59: 24 | B59: Trun bolt (Nos) | C59: 84 | D59: 0 | E59: 0 | F59: 0 | G59: 84 | H59: 0 | I59: 0 | J59: 0 | K59: 0 | L59: 0 | M59: 168
A60: 25 | B60: C- clamp (Nos) | C60: - | D60: 0 | E60: 0 | F60: 0 | G60: 0 | H60: 0 | I60: 0 | J60: 0 | K60: 0 | L60: 0 | M60: 0
A61: 26 | B61: Pikon (Nos) | C61: - | D61: 0 | E61: 0 | F61: 0 | G61: 0 | H61: 0 | I61: 0 | J61: 0 | K61: 0 | L61: 0 | M61: 0
A62: 27 | B62: Swivel clamp (Nos) | C62: - | D62: 0 | E62: 0 | F62: 0 | G62: 0 | H62: 0 | I62: 0 | J62: 0 | K62: 0 | L62: 0 | M62: 0
C63: =SUM(C36:C62) -> 9533 | D63: =SUM(D36:D62) -> 544 | E63: =SUM(E36:E62) -> 1028 | F63: =SUM(F36:F62) -> 4884 | G63: =SUM(G36:G62) -> 6548 | H63: =SUM(H36:H62) -> 7364 | I63: =SUM(I36:I62) -> 190 | J63: =SUM(J36:J62) -> 255 | ... M63: =SUM(M36:M62) -> 47054.23

Sheet 2026 Stock 29.01.26
A1: Stock Report Construction/Warehouse
A2: Si | B2: Matarials Name | C2: Mawna | D2: Ashulia | E2: HFL-AEPZ | F2: SHL-B | G2: STL-AB | H2: STL-PB | I2: STL-UB | J2: CCKL | K2: SETL-PB | L2: SFBL-GH | M2: SFBL-AB | N2: SFBL-PB | O2: Totall | P2: Reamarks
A3: 1 | B3: Steel shutter - various size | C3: =134381.68 -> 134381.68 | D3: 158985 | E3: 177945 | F3: 15317 | G3: 21970 | H3: -1147.96 | I3: -293.9 | J3: 63380.4 | K3: -27651.45 | L3: 14973 | M3: 59297 | N3: 3665.35 | O3: =N3+M3+L3+J3+G3+F3+E3+D3+C3 -> 649914.43
A4: 2 | B4: Steel props | C4: 31206 | D4: 42659 | E4: 15843 | F4: 6631 | G4: 14050 | H4: -23.8 | I4: 0 | J4: 52538 | K4: -772 | L4: 7562 | M4: 13889 | N4: 1672 | O4: =N4+M4+L4+J4+I4+G4+F4+E4+D4+C4 -> 186050
A5: 3 | B5: Scaffolding long | C5: 159207.6 | D5: 122115.8 | E5: 78902 | F5: 1147 | G5: 9435 | H5: 2460.5 | I5: 0 | J5: 23421 | K5: 1850 | L5: 2701 | M5: 5642.5 | N5: -1295 | O5: =M5+L5+K5+J5+I5+H5+G5+F5+E5+D5+C5 -> 406882.4
A6: 4 | B6: Scaffoding short | C6: 5372 | D6: 6191.1 | E6: 19125 | F6: 0 | G6: 119 | H6: 0 | I6: 34 | J6: -68 | K6: 85 | L6: 1836 | M6: 1564 | N6: 1912.5 | O6: =N6+M6+L6+K6+I6+H6+G6+F6+E6+D6+C6 -> 36238.6
A7: 5 | B7: Cross bar | C7: 43557.5 | D7: 72041.5 | E7: =39705+12200 -> 51905 | F7: 200 | G7: 3280 | H7: 640 | I7: 655 | J7: 9510 | K7: -2065 | L7: 605 | M7: 5655 | N7: -11760 | O7: =M7+L7+J7+I7+G7+F7+E7+D7+C7+H7 -> 188049
A8: 6 | B8: Joint pin | C8: 3820.78 | D8: 6167.14 | E8: 6668 | F8: 48 | G8: 710.4 | H8: 795.6 | I8: 43.8 | J8: 1056.6 | K8: 985.8 | L8: 297 | M8: 750 | N8: -201 | O8: =M8+L8+K8+J8+I8+H8+G8+F8+E8+D8+C8 -> 21343.12
A9: 7 | B9: Adjustable Base Jack | C9: 7798 | D9: 5880.9 | E9: 23620 | F9: 90 | G9: 780 | H9: -10 | I9: 395 | J9: 480 | K9: 20 | L9: 650 | M9: 4940 | N9: 1900 | O9: =N9+M9+L9+K9+J9+I9+G9+F9+E9+D9+C9 -> 46553.9
A10: 8 | B10: U head | C10: 18678 | D10: 5468.7 | E10: =1485+32715 -> 34200 | F10: 7430 | G10: 2835 | H10: 245.25 | I10: 1745 | J10: 11625 | K10: -100 | L10: 650 | M10: 15985 | N10: -745 | O10: =M10+L10+J10+I10+H10+G10+F10+E10+D10+C10 -> 98861.95
A11: 9 | B11: Base plate | C11: 0 | D11: 1823.2 | E11: 1333 | F11: 0 | G11: 349.6 | H11: 79.2 | I11: 20.8 | J11: 1002.4 | K11: 274.4 | L11: 0 | M11: 1783.2 | N11: 82.4 | O11: =N11+M11+L11+K11+J11+I11+H11+G11+F11+E11+D11+C11 -> 6748.2
A12: 10 | B12: MS angle 1.5"*1.5" | C12: 6455.4 | D12: 7026.4 | E12: 1200 | F12: 0 | G12: 2319 | H12: 15.5 | I12: 431 | J12: 8336 | K12: 4467.75 | L12: 0 | M12: 80 | N12: 55 | O12: =N12+M12+L12+K12+J12+I12+G12+F12+E12+D12+C12+H12 -> 30386.05
A13: 11 | B13: MS angle 2"*2" | C13: 8598 | D13: 7700 | E13: 19388 | F13: 300 | G13: 3342 | H13: 31.09 | I13: 7 | J13: 8558 | K13: 6997.56 | L13: 960 | M13: 7129 | N13: 430 | O13: =N13+M13+L13+K13+J13+I13+H13+G13+F13+E13+D13+C13 -> 63440.65
A14: 12 | B14: I-joist | C14: 67 | D14: 1263 | E14: 0 | F14: 1072 | G14: 0 | H14: 15 | I14: 0 | J14: 0 | K14: 0 | L14: 0 | M14: 0 | N14: 0 | O14: =N14+M14+L14+K14+J14+I14+H14+G14+F14+E14+D14+C14 -> 2417
A15: 13 | B15: Ms.sheet | C15: 34806 | D15: 90145 | E15: 60146 | F15: 2969 | G15: 6975 | H15: -1439 | I15: -205 | J15: 20679 | K15: 10149 | L15: 3570 | M15: 12189 | N15: 7743.5 | O15: =N15+M15+L15+K15+J15+G15+F15+E15+D15+C15 -> 249371.5
A16: 14 | B16: Shutter Grill | C16: 4320 | D16: 7993 | E16: 90 | F16: 0 | G16: 0 | H16: 198 | I16: 414 | J16: 0 | K16: 18 | L16: 0 | M16: 0 | N16: 0 | O16: =N16+M16+L16+K16+J16+I16+H16+G16+F16+E16+D16+C16 -> 13033
A17: 15 | B17: Hollow box 1.5" x 1.5" | C17: 46503.1 | D17: 41351 | E17: =97586+281 -> 97867 | F17: 8408 | G17: 14165 | H17: 3908.89 | I17: 366 | J17: 42657 | K17: 18963.25 | L17: 3500 | M17: 32318 | N17: 1535.3 | O17: =N17+M17+L17+K17+J17+I17+H17+G17+F17+E17+D17+C17 -> 311542.54
A18: 16 | B18: Hollow box 3" x 3" | C18: 24235.8 | D18: 40299 | E18: 56813 | F18: 8178 | G18: 7225 | H18: -153.3 | I18: 4.34 | J18: 21727 | K18: 1713 | L18: 2243 | M18: 12145 | N18: 2848 | O18: =N18+M18+L18+K18+J18+I18+G18+F18+E18+D18+C18 -> 177431.14
A19: 17 | B19: MS pipe 1.5" | C19: 3140 | D19: 13165 | E19: 0 | F19: 3826 | G19: 0 | H19: 0 | I19: 100 | J19: 0 | K19: 4554.48 | L19: 0 | M19: 0 | N19: 1450 | O19: =N19+M19+L19+K19+J19+I19+H19+G19+F19+E19+D19+C19 -> 26235.48
A20: 18 | B20: MS pipe 1.75” | C20: 10926 | D20: 33540 | E20: 8038 | F20: 0 | G20: 5120 | H20: 386.51 | I20: 376 | J20: 12878 | K20: 0 | L20: 0 | M20: 19287 | N20: -4481.2 | O20: =M20+L20+K20+J20+I20+H20+G20+F20+E20+D20+C20 -> 90551.51
A21: 19 | B21: MS pipe 2" | C21: 0 | D21: 2544 | E21: 0 | F21: 0 | G21: 0 | H21: 0 | I21: 0 | J21: 470 | K21: 0 | L21: 0 | M21: 0 | N21: 1817.35 | O21: =N21+M21+L21+K21+J21+I21+H21+G21+F21+E21+D21+C21 -> 4831.35
A22: 20 | B22: MS pipe 2.5" | C22: 4810 | D22: 9569 | E22: 0 | F22: 0 | G22: 0 | H22: 0 | I22: 0 | J22: 0 | K22: 1184.2 | L22: 0 | M22: 0 | N22: 221 | O22: =N22+M22+L22+K22+J22+I22+H22+G22+F22+E22+D22+C22 -> 15784.2
A23: 21 | B23: Thread Rod | C23: 210 | D23: 0 | E23: 0 | F23: 0 | G23: 30 | H23: 0 | I23: 0 | J23: 0 | K23: 0 | L23: 0 | M23: 0 | N23: 1680 | O23: =N23+M23+L23+K23+J23+H23+I23+G23+F23+E23+D23+C23 -> 1920
A24: 22 | B24: Nut, Bolt & Washer | C24: 1318 | D24: 2423 | E24: 4792 | F24: 175 | G24: 443 | H24: 0 | I24: 0 | J24: 2622 | K24: 0 | L24: 0 | M24: 746 | N24: 2260 | O24: =N24+M24+L24+K24+J24+I24+H24+G24+F24+E24+D24+C24 -> 14779
A25: 23 | B25: T bolt (Nos) | C25: 102 | D25: 2829 | E25: 80 | F25: 0 | G25: 0 | H25: 93.8 | I25: 0 | J25: 0 | K25: 0 | L25: 0 | M25: 0 | N25: 0 | O25: =M25+L25+K25+J25+H25+G25+F25+E25+D25+C25 -> 3104.8
A26: 24 | B26: Trun bolt (Nos) | C26: 347.2 | D26: 681.8 | E26: 830 | F26: 243.6 | G26: 196 | H26: -37.8 | I26: 338.8 | J26: 303.75 | K26: 193.2 | L26: 0 | M26: 0 | N26: 0 | O26: =M26+L26+K26+J26+I26+G26+F26+E26+D26+C26 -> 3134.35
A27: 25 | B27: C- clamp (Nos) | C27: 1321.6 | D27: 2225.2 | E27: 10 | F27: 0 | G27: 60 | H27: 114 | I27: 0 | J27: 0 | K27: 722.8 | L27: 0 | M27: 0 | N27: 226 | O27: =N27+K27+G27+F27+E27+D27+C27+H27 -> 4679.6
A28: 26 | B28: Pikon (Nos) | C28: 0 | D28: 0 | E28: 0 | F28: 0 | G28: 0 | H28: 0 | I28: 0 | J28: 0 | K28: 0 | L28: 0 | M28: 0 | N28: 0 | O28: =H28+E28 -> 0
A29: 27 | B29: Swivel clamp (Nos) | C29: 3194.4 | D29: 4183.2 | E29: 64 | F29: 278 | G29: 667.2 | H29: 782.4 | I29: 372 | J29: 2168.4 | K29: 1393.8 | L29: 0 | M29: 286 | N29: 0 | O29: =M29+K29+J29+I29+H29+G29+D29+C29+F29+E29 -> 13389.4
C30: =SUM(C3:C29) -> 554376.06 | D30: =SUM(D3:D29) -> 688269.94 | E30: =SUM(E3:E29) -> 658859 | F30: =SUM(F3:F29) -> 56312.6 | G30: =SUM(G3:G29) -> 94071.2 | H30: =H5+H8+H10+H11+H13+H14+H16+H17+H20+H25+H28+H29+H27+H7+H12 -> 9765.74 | I30: =SUM(I3:I29) -> 4803.84 | J30: =SUM(J3:J29) -> 283344.55 | K30: =K5+K6+K8+K9+K11+K12+K13+K15+K16+K17+K18+K19+K22+K26+K27+K29 -> 53572.24 | L30: =SUM(L3:L29) -> 39547 | M30: =SUM(M3:M29) -> 193685.7 | N30: =N3+N4+N6+N9+N11+N12+N13+N15+N17+N18+N19+N21+N22+N23+N24+N27+N29 -> 29498.4 | O30: =SUM(O3:O29) -> 2666673.2
D34: Acme Thchnologies
A35: Si | B35: Matarials Name | C35: Juliet Villa | D35: Nasrin Kabir | E35: Nasrin villa | F35: Dhrubotara | G35: Bleesing | H35: Aukotex | I35: Polarish | J35: Chayaneer | K35: Chairman House | L35: Fazilat | M35: Totall | N35: Reamarks
A36: 1 | B36: Steel shutter - various size | C36: 3650 | D36: 0 | E36: 228 | F36: 2633 | G36: 2863 | H36: 0 | I36: 0 | J36: 0 | K36: 0 | L36: 4851.99 | M36: 14225.99
A37: 2 | B37: Steel props | C37: 1330 | D37: 0 | E37: 0 | F37: 0 | G37: 1235 | H37: 0 | I37: 0 | J37: 0 | K37: 0 | L37: 4657 | M37: 7222
A38: 3 | B38: Scaffolding long | C38: 0 | D38: 0 | E38: 0 | F38: 0 | G38: 0 | H38: 0 | I38: 0 | J38: 0 | K38: 0 | L38: 481 | M38: 481
A39: 4 | B39: Scaffoding short | C39: 0 | D39: 0 | E39: 0 | F39: 0 | G39: 0 | H39: 0 | I39: 0 | J39: 0 | K39: 0 | L39: 255 | M39: 255
A40: 5 | B40: Cross bar | C40: 0 | D40: 0 | E40: 0 | F40: 680 | G40: 0 | H40: 0 | I40: 0 | J40: 0 | K40: 0 | L40: 185 | M40: 865
A41: 6 | B41: Joint pin | C41: 0 | D41: 0 | E41: 0 | F41: 1.2 | G41: 0 | H41: 0 | I41: 0 | J41: 0 | K41: 0 | L41: 76.8 | M41: 78
A42: 7 | B42: Adjustable Base Jack | C42: 0 | D42: 0 | E42: 0 | F42: 0 | G42: 0 | H42: 0 | I42: 0 | J42: 0 | K42: 0 | L42: 190 | M42: 190
A43: 8 | B43: U head | C43: 0 | D43: 0 | E43: 0 | F43: 0 | G43: 0 | H43: 2000 | I43: 0 | J43: 0 | K43: 0 | L43: 175 | M43: 2175
A44: 9 | B44: Base plate | C44: 0 | D44: 0 | E44: 0 | F44: 0.8 | G44: 0 | H44: 0 | I44: 0 | J44: 0 | K44: 0 | L44: 0 | M44: 0.8
A45: 10 | B45: MS angle 1.5"*1.5" | C45: 0 | D45: 0 | E45: 0 | F45: 0 | G45: 0 | H45: 0 | I45: 0 | J45: 0 | K45: 0 | L45: 0 | M45: 0
A46: 11 | B46: MS angle 2"*2" | C46: 360 | D46: 0 | E46: 0 | F46: 384 | G46: 354 | H46: 0 | I46: 0 | J46: 0 | K46: 0 | L46: 80 | M46: 1178
A47: 12 | B47: I-joist | C47: 0 | D47: 0 | E47: 0 | F47: 0 | G47: 0 | H47: 0 | I47: 0 | J47: 0 | K47: 0 | L47: 0 | M47: 0
... A57: 22 | B57: Nut, Bolt & Washer | C57: 0 | D57: 0 | E57: 0 | F57: 0 | G57: 0 | H57: 0 | I57: 0 | J57: 0 | K57: 0 | L57: 0 | M57: 0
A58: 23 | B58: T bolt (Nos) | C58: - | D58: 0 | E58: 18 | F58: 0 | G58: 60 | H58: 0 | I58: 0 | J58: 0 | K58: 0 | L58: 0 | M58: 78
A59: 24 | B59: Trun bolt (Nos) | C59: 84 | D59: 0 | E59: 0 | F59: 0 | G59: 84 | H59: 0 | I59: 0 | J59: 0 | K59: 0 | L59: 0 | M59: 168
A60: 25 | B60: C- clamp (Nos) | C60: - | D60: 0 | E60: 0 | F60: 0 | G60: 0 | H60: 0 | I60: 0 | J60: 0 | K60: 0 | L60: 0 | M60: 0
A61: 26 | B61: Pikon (Nos) | C61: - | D61: 0 | E61: 0 | F61: 0 | G61: 0 | H61: 0 | I61: 0 | J61: 0 | K61: 0 | L61: 0 | M61: 0
A62: 27 | B62: Swivel clamp (Nos) | C62: - | D62: 0 | E62: 0 | F62: 0 | G62: 0 | H62: 0 | I62: 0 | J62: 0 | K62: 0 | L62: 0 | M62: 0
C63: =SUM(C36:C62) -> 9533 | D63: =SUM(D36:D62) -> 544 | E63: =SUM(E36:E62) -> 1028 | F63: =SUM(F36:F62) -> 4884 | G63: =SUM(G36:G62) -> 6548 | H63: =SUM(H36:H62) -> 7364 | I63: =SUM(I36:I62) -> 190 | J63: =SUM(J36:J62) -> 255 | ... M63: =SUM(M36:M62) -> 47054.23

Sheet Stock 12.02.26
A1: Stock Report Construction/Warehouse
A2: Si | B2: Matarials Name | C2: Mawna | D2: Ashulia | E2: HFL-AEPZ | F2: SHL-B | G2: STL-AB | H2: STL-PB | I2: STL-UB | J2: CCKL | K2: SETL-PB | L2: SFBL-GH | M2: SFBL-AB | N2: SFBL-PB | O2: Totall | P2: Reamarks
A3: 1 | B3: Steel shutter - various size | C3: 135304.18 | D3: 149247.58 | E3: 177685 | F3: 15317 | G3: 21970 | H3: -1147.96 | I3: =-293.9 -> -293.9 | J3: 62680.4 | K3: -27651.45 | L3: 14973 | M3: 59297 | N3: 3665.35 | O3: =N3+M3+L3+J3+G3+F3+E3+D3+C3 -> 640139.51
A4: 2 | B4: Steel props | C4: 32423.5 | D4: 42616 | E4: 15455 | F4: 6631 | G4: 14050 | H4: -23.8 | I4: 0 | J4: 51451 | K4: -772 | L4: 7562 | M4: 13889 | N4: 1672 | O4: =N4+M4+L4+J4+I4+G4+F4+E4+D4+C4 -> 185749.5
A5: 3 | B5: Scaffolding long | C5: 159318.6 | D5: 123225.8 | E5: 77829 | F5: 1147 | G5: 9435 | H5: 2460.5 | I5: 0 | J5: 23273 | K5: 1850 | L5: 2701 | M5: 5642.5 | N5: -1295 | O5: =M5+L5+K5+J5+I5+H5+G5+F5+E5+D5+C5 -> 406882.4
A6: 4 | B6: Scaffoding short | C6: 5372 | D6: 6191.1 | E6: 19125 | F6: 0 | G6: 119 | H6: 0 | I6: 34 | J6: 0 | K6: 85 | L6: 1836 | M6: 1564 | N6: 1912.5 | O6: =N6+M6+L6+K6+I6+H6+G6+F6+E6+D6+C6 -> 36238.6
A7: 5 | B7: Cross bar | C7: 43557.5 | D7: 73041.5 | E7: =38855+12200 -> 51055 | F7: 200 | G7: 3280 | H7: 640 | I7: 655 | J7: 9360 | K7: -2065 | L7: 605 | M7: 5655 | N7: -11760 | O7: =M7+L7+J7+I7+G7+F7+E7+D7+C7+H7 -> 188049
A8: 6 | B8: Joint pin | C8: 3820.78 | D8: 6419.14 | E8: 6911 | F8: 48 | G8: 710.4 | H8: 795.6 | I8: 43.8 | J8: 876 | K8: 985 | L8: 297 | M8: 750 | N8: -201 | O8: =M8+L8+K8+J8+I8+H8+G8+F8+E8+D8+C8 -> 21656.72
A9: 7 | B9: Adjustable Base Jack | C9: 7798 | D9: 6355.9 | E9: 23270 | F9: 90 | G9: 780 | H9: -10 | I9: 395 | J9: 355 | K9: 20 | L9: 650 | M9: 4940 | N9: 1900 | O9: =N9+M9+L9+K9+J9+I9+G9+F9+E9+D9+C9 -> 46553.9
A10: 8 | B10: U head | C10: 17148 | D10: 7933.7 | E10: =34250+1485 -> 35735 | F10: 7430 | G10: 2835 | H10: 245.25 | I10: 1745 | J10: 11155 | K10: -100 | L10: 650 | M10: 15985 | N10: -745 | O10: =M10+L10+J10+I10+H10+G10+F10+E10+D10+C10 -> 100861.95
A11: 9 | B11: Base plate | C11: 32.8 | D11: 1827.2 | E11: 1333 | G11: 349.6 | H11: 79.2 | I11: 20.8 | J11: 998 | K11: 274 | L11: 0 | M11: 1783.2 | N11: 82.4 | O11: =N11+M11+L11+K11+J11+I11+H11+G11+F11+E11+D11+C11 -> 6780.2
A12: 10 | B12: MS angle 1.5"*1.5" | C12: 6455.4 | D12: 7026.4 | E12: 1200 | G12: 2319 | H12: 15.5 | I12: 431 | J12: 8336 | K12: 4467.75 | L12: 0 | M12: 80 | N12: 55 | O12: =N12+M12+L12+K12+J12+I12+G12+F12+E12+D12+C12+H12 -> 30386.05
A13: 11 | B13: MS angle 2"*2" | C13: 8738 | D13: 7700 | E13: 19238 | F13: 300 | G13: 3342 | H13: 31.09 | I13: 7 | J13: 8168 | K13: 6997.56 | L13: 960 | M13: 7129 | N13: 430 | O13: =N13+M13+L13+K13+J13+I13+H13+G13+F13+E13+D13+C13 -> 63040.65
A14: 12 | B14: I-joist | C14: 67 | D14: 1263 | E14: 0 | F14: 1072 | G14: 0 | H14: 15 | I14: 0 | J14: 0 | K14: 0 | L14: 0 | M14: 0 | N14: 0 | O14: =N14+M14+L14+K14+J14+I14+H14+G14+F14+E14+D14+C14 -> 2417
A15: 13 | B15: Ms.sheet | C15: 34806 | D15: 81788 | E15: 62254 | F15: 2969 | G15: 6975 | H15: -1439 | I15: -205 | J15: 20628 | K15: 10149 | L15: 3570 | M15: 12189 | N15: 7743.5 | O15: =N15+M15+L15+K15+J15+G15+F15+E15+D15+C15 -> 243071.5
A16: 14 | B16: Shutter Grill | C16: 4320 | D16: 7993 | E16: 90 | G16: 0 | H16: 198 | I16: 414 | J16: 0 | K16: 18 | L16: 0 | M16: 0 | O16: =N16+M16+L16+K16+J16+I16+H16+G16+F16+E16+D16+C16 -> 13033
A17: 15 | B17: Hollow box 1.5" x 1.5" | C17: 44033.1 | D17: 46850.75 | E17: =99706+281 -> 99987 | F17: 8408 | G17: 14165 | H17: 3908.89 | I17: 366 | J17: 40848 | K17: 18963.25 | L17: 3500 | M17: 32318 | N17: 1535.3 | O17: =N17+M17+L17+K17+J17+I17+H17+G17+F17+E17+D17+C17 -> 314883.29
A18: 16 | B18: Hollow box 3" x 3" | C18: 25384.8 | D18: 39399.79 | E18: 57617 | F18: 8178 | G18: 7225 | H18: -153.3 | I18: 4.34 | J18: 18898 | K18: 1713.8 | L18: 2243 | M18: 12145 | N18: 2848 | O18: =N18+M18+L18+K18+J18+I18+G18+F18+E18+D18+C18 -> 175656.73
A19: 17 | B19: MS pipe 1.5" | C19: 3140 | D19: 13165.66 | E19: 0 | G19: 0 | H19: 0 | I19: 100 | J19: 0 | K19: 4554.48 | L19: 0 | N19: 1450 | O19: =N19+M19+L19+K19+J19+I19+H19+G19+F19+E19+D19+C19 -> 22410.14
A20: 18 | B20: MS pipe 1.75” | C20: 11546 | D20: 32240.85 | E20: 7338 | F20: 3826 | G20: 5120 | H20: 386.51 | I20: 376 | J20: 12358 | K20: 0 | L20: 0 | M20: 19287 | N20: -4481.2 | O20: =M20+L20+K20+J20+I20+H20+G20+F20+E20+D20+C20 -> 92478.36
A21: 19 | B21: MS pipe 2" | D21: 2544.75 | E21: 0 | G21: 0 | H21: 0 | I21: 0 | J21: 470 | K21: 0 | L21: 0 | M21: 0 | N21: 1817.35 | O21: =N21+M21+L21+K21+J21+I21+H21+G21+F21+E21+D21+C21 -> 4832.1
A22: 20 | B22: MS pipe 2.5" | C22: 4810 | D22: 9569 | E22: 0 | G22: 0 | H22: 0 | I22: 0 | J22: 0 | K22: 1184.2 | L22: 0 | M22: 0 | N22: 221 | O22: =N22+M22+L22+K22+J22+I22+H22+G22+F22+E22+D22+C22 -> 15784.2
A23: 21 | B23: Thread Rod | C23: 210 | D23: 0 | E23: 0 | G23: 30 | H23: 0 | I23: 0 | J23: 0 | K23: 0 | L23: 0 | M23: 0 | N23: 1680 | O23: =N23+M23+L23+K23+J23+H23+I23+G23+F23+E23+D23+C23 -> 1920
A24: 22 | B24: Nut, Bolt & Washer | C24: 1318 | D24: 2923 | E24: 3932 | F24: 175 | G24: 443 | H24: 0 | I24: 0 | J24: 2622 | K24: 0 | L24: 0 | M24: 746 | N24: 2260 | O24: =N24+M24+L24+K24+J24+I24+H24+G24+F24+E24+D24+C24 -> 14419
A25: 23 | B25: T bolt (Nos) | C25: 102 | D25: 2829 | E25: 80 | G25: 0 | H25: 93.8 | I25: 0 | J25: 0 | K25: 0 | L25: 0 | M25: 0 | O25: =M25+L25+K25+J25+H25+G25+F25+E25+D25+C25 -> 3104.8
A26: 24 | B26: Trun bolt (Nos) | C26: 347.2 | D26: 681.8 | E26: 825 | F26: 243.6 | G26: 196 | H26: -37.8 | I26: 338.8 | J26: 297 | K26: 193.2 | L26: 0 | M26: 350 | O26: =M26+L26+K26+J26+I26+G26+F26+E26+D26+C26 -> 3472.6
A27: 25 | B27: C- clamp (Nos) | C27: 1321.6 | D27: 2225.2 | E27: 10 | G27: 60 | H27: 114 | I27: 0 | J27: 0 | K27: 722.8 | L27: 0 | M27: 0 | N27: 226 | O27: =N27+K27+G27+F27+E27+D27+C27+H27 -> 4679.6
A28: 26 | B28: Pikon (Nos) | C28: 0 | D28: 0 | E28: 0 | G28: 0 | H28: 0 | I28: 0 | J28: 0 | K28: 0 | L28: 0 | M28: 0 | O28: =H28+E28 -> 0
A29: 27 | B29: Swivel clamp (Nos) | C29: 3221.4 | D29: 4336.2 | E29: 64 | F29: 278 | G29: 667.2 | H29: 782.4 | I29: 372 | J29: 1973 | K29: 1393 | L29: 0 | M29: 286 | O29: =M29+K29+J29+I29+H29+G29+D29+C29+F29+E29 -> 13373.2
C30: =SUM(C3:C29) -> 554595.86 | D30: =SUM(D3:D29) -> 679394.32 | E30: =SUM(E3:E29) -> 661033 | F30: =SUM(F3:F29) -> 56312.6 | G30: =SUM(G3:G29) -> 94071.2 | H30: =H5+H8+H10+H11+H13+H14+H16+H17+H20+H25+H28+H29+H27+H7+H12 -> 9765.74 | I30: =I4+I5+I6+I7+I8+I9+I10+I11+I12+I13+I14+I16+I17+I18+I19+I20+I21+I22+I23+I24+I25+I26+I27+I28+I29 -> 5302.74 | J30: =SUM(J3:J29) -> 274746.4 | K30: =K5+K6+K8+K9+K11+K12+K13+K14+K15+K16+K17+K18+K19+K22+K21+K20+K23+K24+K25+K26+K27+K29 -> 53571.04 | L30: =SUM(L3:L29) -> 39547 | M30: =SUM(M3:M29) -> 194035.7 | N30: =N3+N4+N6+N9+N11+N12+N13+N15+N17+N18+N19+N21+N22+N23+N24+N27 -> 29498.4 | O30: =SUM(O3:O29) -> 2651874
H31: =H3+H4+H9+H15+H18+H26 -> -2811.86 | I31: =I3+I15 -> -498.9 | K31: =K3+K4+K7+K10 -> -30588.45 | N31: =N5+N7+N8+N10+N20 -> -18482.2 | O31: =C30+D30+E30+F30+G30+H30+I30+J30+K30+L30+M30+N30 -> 2651874
O32: =H31+I31+K31+N31 -> -52381.41
O33: =SUM(O31:O32) -> 2599492.6
P34: =O30+O34 -> 2651874
P35: ='2026 Stock 29.01.26'!O30 -> 2666673.2
P36: =P34-P35 -> -14799.17
P37: 7364
P38: =P36+P37 -> -7435.17
D42: Acme Thchnologies
A43: Si | B43: Matarials Name | C43: Juliet Villa | D43: Nasrin Kabir | E43: Nasrin villa | F43: Dhrubotara | G43: Bleesing | H43: Aukotex | I43: Polarish | J43: Chayaneer | K43: Chairman House | L43: Fazilat | M43: Totall | N43: Reamarks
A44: 1 | B44: Steel shutter - various size | C44: 3650 | D44: 0 | E44: 228 | F44: 2633 | G44: 2863 | H44: 0 | I44: 0 | J44: 0 | K44: 0 | L44: 4851.99 | M44: =L44+K44+J44+I44+H44+G44+F44+E44+D44+C44 -> 14225.99
A45: 2 | B45: Steel props | C45: 1330 | D45: 0 | E45: 0 | F45: 0 | G45: 1235 | H45: 0 | I45: 0 | J45: 0 | K45: 0 | L45: 4657 | M45: =L45+K45+J45+I45+H45+G45+F45+E45+D45+C45 -> 7222
A46: 3 | B46: Scaffolding long | C46: 0 | D46: 0 | E46: 0 | F46: 0 | G46: 0 | H46: 0 | I46: 0 | J46: 0 | K46: 0 | L46: 481 | M46: =L46+K46+J46+I46+H46+G46+F46+E46+D46+C46 -> 481
A47: 4 | B47: Scaffoding short | C47: 0 | D47: 0 | E47: 0 | F47: 0 | G47: 0 | H47: 0 | I47: 0 | J47: 0 | K47: 0 | L47: 255 | M47: =L47+K47+J47+I47+H47+G47+F47+E47+D47+C47 -> 255
A48: 5 | B48: Cross bar | C48: 0 | D48: 0 | E48: 0 | F48: 680 | G48: 0 | H48: 0 | I48: 0 | J48: 0 | K48: 0 | L48: 185 | M48: =L48+K48+J48+I48+H48+G48+F48+E48+D48+C48 -> 865
A49: 6 | B49: Joint pin | C49: 0 | D49: 0 | E49: 0 | F49: 1.2 | G49: 0 | H49: 0 | I49: 0 | J49: 0 | K49: 0 | L49: 76.8 | M49: =L49+K49+J49+I49+H49+G49+F49+E49+D49+C49 -> 78
A50: 7 | B50: Adjustable Base Jack | C50: 0 | D50: 0 | E50: 0 | F50: 0 | G50: 0 | H50: 0 | I50: 0 | J50: 0 | K50: 0 | L50: 190 | M50: =L50+K50+J50+I50+H50+G50+F50+E50+D50+C50 -> 190
A51: 8 | B51: U head | C51: 0 | D51: 0 | E51: 0 | F51: 0 | G51: 0 | H51: 0 | I51: 0 | J51: 0 | K51: 0 | L51: 175 | M51: =L51+K51+J51+I51+H51+G51+F51+E51+D51+C51 -> 175
A52: 9 | B52: Base plate | C52: 0 | D52: 0 | E52: 0 | F52: 0.8 | G52: 0 | H52: 0 | I52: 0 | J52: 0 | K52: 0 | L52: 0 | M52: =L52+K52+J52+I52+H52+G52+F52+E52+D52+C52 -> 0.8
A53: 10 | B53: MS angle 1.5"*1.5" | C53: 0 | D53: 0 | E53: 0 | F53: 0 | G53: 0 | H53: 0 | I53: 0 | J53: 0 | K53: 0 | L53: 0 | M53: =L53+K53+J53+I53+H53+G53+F53+E53+D53+C53 -> 0
A54: 11 | B54: MS angle 2"*2" | C54: 360 | D54: 0 | E54: 0 | F54: 384 | G54: 354 | H54: 0 | I54: 0 | J54: 0 | K54: 0 | L54: 80 | M54: =L54+K54+J54+I54+H54+G54+F54+E54+D54+C54 -> 1178
A55: 12 | B55: I-joist | C55: 0 | D55: 0 | E55: 0 | F55: 0 | G55: 0 | H55: 0 | I55: 0 | J55: 0 | K55: 0 | L55: 0 | M55: =L55+K55+J55+I55+H55+G55+F55+E55+D55+C55 -> 0
... A70: 27 | B70: Swivel clamp (Nos) | C70: 0 | D70: 0 | E70: 0 | F70: 0 | G70: 0 | H70: 0 | I70: 0 | J70: 0 | K70: 0 | L70: 0 | M70: =L70+K70+J70+I70+H70+G70+F70+E70+D70+C70 -> 0
C71: =SUM(C44:C70) -> 9533 | D71: =SUM(D44:D70) -> 544 | E71: =SUM(E44:E70) -> 1028 | F71: 27577 | G71: =SUM(G44:G70) -> 6548 | H71: =SUM(H44:H70) -> 0 | I71: =SUM(I44:I70) -> 190 | J71: =SUM(J44:J70) -> 255 | K71: =SUM(K44:K70) -> 170 | L71: =SUM(L44:L70) -> 16538.23 | M71: =SUM(M44:M70) -> 39690.23 | P71: =M71+O30 -> 2691564.2
F72: 27577 | P72: 21865
D73: All Totall | E73: =O30+M71 -> 2691564.2 | P73: =P71+P72 -> 2713429.2
D74: salvase | E74: 21865
E75: =E73+E74 -> 2713429.2

Sheet Stock 26.02.26
A1: Stock Report Construction/Warehouse
A2: Si | B2: Matarials Name | C2: Mawna | D2: Ashulia | E2: HFL-AEPZ | F2: SHL-B | G2: STL-AB | H2: STL-PB | I2: STL-UB | J2: CCKL | K2: SETL-PB | L2: SFBL-GH | M2: SFBL-AB | N2: SFBL-PB | O2: Total | P2: Reamarks
A3: 1 | B3: Steel shutter - various size | C3: 147077.18 | D3: 143882.58 | E3: 176785 | F3: 15076 | G3: 22105 | H3: -1147.96 | I3: =-293.9 -> -293.9 | J3: 59366.4 | K3: -27651.45 | L3: 14973 | M3: 52292 | N3: 3665.35 | O3: =N3+M3+L3+J3+G3+F3+E3+D3+C3 -> 635222.51
